Stationsnamn;Klimatnummer;Mäthöjd (meter över marken)
Falkenberg;62520;2.0

Parameternamn;Beskrivning;Enhet
Lufttemperatur;medelvärde 1 dygn, 1 gång/dygn, kl 00;degree celsius

Tidsperiod (fr.o.m);Tidsperiod (t.o.m);Höjd (meter över havet);Latitud (decimalgrader);Longitud (decimalgrader)
1998-12-01 00:00:00;2003-07-01 23:59:59;5.0;56.8994;12.4798

Från Datum Tid (UTC);Till Datum Tid (UTC);Representativt dygn;Lufttemperatur;Kvalitet;;Tidsutsnitt:
1998-12-01 00:00:01;1998-12-02 00:00:00;1998-12-01;0.8;Y;;Kvalitetskontrollerade historiska data (utom de senaste 3 mån)
1998-12-02 00:00:01;1998-12-03 00:00:00;1998-12-02;-1.2;Y;;Tidsperiod (fr.o.m.) = 1998-12-01 00:00:00 (UTC)
1998-12-03 00:00:01;1998-12-04 00:00:00;1998-12-03;-0.5;Y;;Tidsperiod (t.o.m.) = 2003-07-01 23:59:59 (UTC)
1998-12-04 00:00:01;1998-12-05 00:00:00;1998-12-04;-0.5;Y;;Medelvärdet är beräknat för = 24 timmar
1998-12-05 00:00:01;1998-12-06 00:00:00;1998-12-05;-2.6;Y;;
1998-12-06 00:00:01;1998-12-07 00:00:00;1998-12-06;-2.9;Y;;Kvalitetskoderna:
1998-12-07 00:00:01;1998-12-08 00:00:00;1998-12-07;-5.3;Y;;Grön (G) = Kontrollerade och godkända värden.
1998-12-08 00:00:01;1998-12-09 00:00:00;1998-12-08;-9.7;Y;;Gul (Y) = Misstänkta eller aggregerade värden. Grovt kontrollerade arkivdata och okontrollerade realtidsdata (senaste 2 tim).
1998-12-09 00:00:01;1998-12-10 00:00:00;1998-12-09;-8.6;Y;;
1998-12-10 00:00:01;1998-12-11 00:00:00;1998-12-10;-8.7;Y;;Orsaker till saknade data:
1998-12-11 00:00:01;1998-12-12 00:00:00;1998-12-11;-3.2;Y;;  stationen eller givaren har varit ur funktion.
1998-12-12 00:00:01;1998-12-13 00:00:00;1998-12-12;-3.9;Y;;  kvalitetskontrollerna har felmarkerat data (röd kvalitetskod). Efterföljande manuell granskning godkänner, rättar eller underkänner data.
1998-12-13 00:00:01;1998-12-14 00:00:00;1998-12-13;0.9;Y
1998-12-14 00:00:01;1998-12-15 00:00:00;1998-12-14;2.4;Y
1998-12-15 00:00:01;1998-12-16 00:00:00;1998-12-15;3.7;Y
1998-12-16 00:00:01;1998-12-17 00:00:00;1998-12-16;2.9;Y
1998-12-17 00:00:01;1998-12-18 00:00:00;1998-12-17;3.7;Y
1998-12-18 00:00:01;1998-12-19 00:00:00;1998-12-18;3.8;Y
1998-12-19 00:00:01;1998-12-20 00:00:00;1998-12-19;3.3;Y
1998-12-20 00:00:01;1998-12-21 00:00:00;1998-12-20;1.6;Y
1998-12-21 00:00:01;1998-12-22 00:00:00;1998-12-21;-3.8;Y
1998-12-22 00:00:01;1998-12-23 00:00:00;1998-12-22;-3.5;Y
1998-12-23 00:00:01;1998-12-24 00:00:00;1998-12-23;1.3;Y
1998-12-24 00:00:01;1998-12-25 00:00:00;1998-12-24;2.3;Y
1998-12-25 00:00:01;1998-12-26 00:00:00;1998-12-25;2.9;Y
1998-12-26 00:00:01;1998-12-27 00:00:00;1998-12-26;3.8;Y
1998-12-27 00:00:01;1998-12-28 00:00:00;1998-12-27;4.6;Y
1998-12-28 00:00:01;1998-12-29 00:00:00;1998-12-28;4.5;Y
1998-12-29 00:00:01;1998-12-30 00:00:00;1998-12-29;3.2;Y
1998-12-30 00:00:01;1998-12-31 00:00:00;1998-12-30;2.3;Y
1998-12-31 00:00:01;1999-01-01 00:00:00;1998-12-31;1.6;Y
1999-01-01 00:00:01;1999-01-02 00:00:00;1999-01-01;1.4;Y
1999-01-02 00:00:01;1999-01-03 00:00:00;1999-01-02;1.9;Y
1999-01-03 00:00:01;1999-01-04 00:00:00;1999-01-03;3.3;Y
1999-01-04 00:00:01;1999-01-05 00:00:00;1999-01-04;3.7;Y
1999-01-05 00:00:01;1999-01-06 00:00:00;1999-01-05;4.9;Y
1999-01-06 00:00:01;1999-01-07 00:00:00;1999-01-06;5.0;Y
1999-01-07 00:00:01;1999-01-08 00:00:00;1999-01-07;2.6;Y
1999-01-08 00:00:01;1999-01-09 00:00:00;1999-01-08;-0.1;Y
1999-01-09 00:00:01;1999-01-10 00:00:00;1999-01-09;-3.2;Y
1999-01-10 00:00:01;1999-01-11 00:00:00;1999-01-10;-2.6;Y
1999-01-11 00:00:01;1999-01-12 00:00:00;1999-01-11;-2.4;Y
1999-01-12 00:00:01;1999-01-13 00:00:00;1999-01-12;-2.4;Y
1999-01-13 00:00:01;1999-01-14 00:00:00;1999-01-13;-4.2;Y
1999-01-14 00:00:01;1999-01-15 00:00:00;1999-01-14;-0.7;Y
1999-01-15 00:00:01;1999-01-16 00:00:00;1999-01-15;1.5;Y
1999-01-16 00:00:01;1999-01-17 00:00:00;1999-01-16;3.7;Y
1999-01-17 00:00:01;1999-01-18 00:00:00;1999-01-17;3.0;Y
1999-01-18 00:00:01;1999-01-19 00:00:00;1999-01-18;2.8;Y
1999-01-19 00:00:01;1999-01-20 00:00:00;1999-01-19;3.2;Y
1999-01-20 00:00:01;1999-01-21 00:00:00;1999-01-20;4.7;Y
1999-01-21 00:00:01;1999-01-22 00:00:00;1999-01-21;4.1;Y
1999-01-22 00:00:01;1999-01-23 00:00:00;1999-01-22;3.6;Y
1999-01-23 00:00:01;1999-01-24 00:00:00;1999-01-23;3.1;Y
1999-01-24 00:00:01;1999-01-25 00:00:00;1999-01-24;3.7;Y
1999-01-25 00:00:01;1999-01-26 00:00:00;1999-01-25;4.0;Y
1999-01-26 00:00:01;1999-01-27 00:00:00;1999-01-26;3.3;Y
1999-01-27 00:00:01;1999-01-28 00:00:00;1999-01-27;2.3;Y
1999-01-28 00:00:01;1999-01-29 00:00:00;1999-01-28;-7.7;Y
1999-01-29 00:00:01;1999-01-30 00:00:00;1999-01-29;-7.5;Y
1999-01-30 00:00:01;1999-01-31 00:00:00;1999-01-30;-8.0;Y
1999-01-31 00:00:01;1999-02-01 00:00:00;1999-01-31;0.9;Y
1999-02-01 00:00:01;1999-02-02 00:00:00;1999-02-01;0.2;Y
1999-02-02 00:00:01;1999-02-03 00:00:00;1999-02-02;-0.5;Y
1999-02-03 00:00:01;1999-02-04 00:00:00;1999-02-03;3.1;Y
1999-02-04 00:00:01;1999-02-05 00:00:00;1999-02-04;4.2;Y
1999-02-05 00:00:01;1999-02-06 00:00:00;1999-02-05;3.2;Y
1999-02-06 00:00:01;1999-02-07 00:00:00;1999-02-06;-2.4;Y
1999-02-07 00:00:01;1999-02-08 00:00:00;1999-02-07;-1.1;Y
1999-02-08 00:00:01;1999-02-09 00:00:00;1999-02-08;-4.6;Y
1999-02-09 00:00:01;1999-02-10 00:00:00;1999-02-09;-11.6;Y
1999-02-10 00:00:01;1999-02-11 00:00:00;1999-02-10;-8.3;Y
1999-02-11 00:00:01;1999-02-12 00:00:00;1999-02-11;-6.9;Y
1999-02-12 00:00:01;1999-02-13 00:00:00;1999-02-12;-0.8;Y
1999-02-13 00:00:01;1999-02-14 00:00:00;1999-02-13;-2.9;Y
1999-02-14 00:00:01;1999-02-15 00:00:00;1999-02-14;0.2;Y
1999-02-15 00:00:01;1999-02-16 00:00:00;1999-02-15;1.6;Y
1999-02-16 00:00:01;1999-02-17 00:00:00;1999-02-16;1.5;Y
1999-02-17 00:00:01;1999-02-18 00:00:00;1999-02-17;-1.5;Y
1999-02-18 00:00:01;1999-02-19 00:00:00;1999-02-18;-4.2;Y
1999-02-19 00:00:01;1999-02-20 00:00:00;1999-02-19;0.8;Y
1999-02-20 00:00:01;1999-02-21 00:00:00;1999-02-20;2.4;Y
1999-02-21 00:00:01;1999-02-22 00:00:00;1999-02-21;1.0;Y
1999-02-22 00:00:01;1999-02-23 00:00:00;1999-02-22;1.6;Y
1999-02-23 00:00:01;1999-02-24 00:00:00;1999-02-23;0.7;Y
1999-02-24 00:00:01;1999-02-25 00:00:00;1999-02-24;-0.9;Y
1999-02-25 00:00:01;1999-02-26 00:00:00;1999-02-25;0.7;Y
1999-02-26 00:00:01;1999-02-27 00:00:00;1999-02-26;2.9;Y
1999-02-27 00:00:01;1999-02-28 00:00:00;1999-02-27;2.6;Y
1999-02-28 00:00:01;1999-03-01 00:00:00;1999-02-28;3.1;Y
1999-03-01 00:00:01;1999-03-02 00:00:00;1999-03-01;3.6;Y
1999-03-02 00:00:01;1999-03-03 00:00:00;1999-03-02;2.5;Y
1999-03-03 00:00:01;1999-03-04 00:00:00;1999-03-03;2.7;Y
1999-03-04 00:00:01;1999-03-05 00:00:00;1999-03-04;4.6;Y
1999-03-05 00:00:01;1999-03-06 00:00:00;1999-03-05;4.5;Y
1999-03-06 00:00:01;1999-03-07 00:00:00;1999-03-06;4.5;Y
1999-03-07 00:00:01;1999-03-08 00:00:00;1999-03-07;3.5;Y
1999-03-08 00:00:01;1999-03-09 00:00:00;1999-03-08;4.2;Y
1999-03-09 00:00:01;1999-03-10 00:00:00;1999-03-09;2.1;Y
1999-03-10 00:00:01;1999-03-11 00:00:00;1999-03-10;1.2;Y
1999-03-11 00:00:01;1999-03-12 00:00:00;1999-03-11;-1.3;Y
1999-03-12 00:00:01;1999-03-13 00:00:00;1999-03-12;-1.3;Y
1999-03-13 00:00:01;1999-03-14 00:00:00;1999-03-13;-1.0;Y
1999-03-14 00:00:01;1999-03-15 00:00:00;1999-03-14;0.9;Y
1999-03-15 00:00:01;1999-03-16 00:00:00;1999-03-15;1.4;Y
1999-03-16 00:00:01;1999-03-17 00:00:00;1999-03-16;1.7;Y
1999-03-17 00:00:01;1999-03-18 00:00:00;1999-03-17;1.8;Y
1999-03-18 00:00:01;1999-03-19 00:00:00;1999-03-18;3.3;Y
1999-03-19 00:00:01;1999-03-20 00:00:00;1999-03-19;3.6;Y
1999-03-20 00:00:01;1999-03-21 00:00:00;1999-03-20;2.2;Y
1999-03-21 00:00:01;1999-03-22 00:00:00;1999-03-21;1.7;Y
1999-03-22 00:00:01;1999-03-23 00:00:00;1999-03-22;3.1;Y
1999-03-23 00:00:01;1999-03-24 00:00:00;1999-03-23;1.1;Y
1999-03-24 00:00:01;1999-03-25 00:00:00;1999-03-24;2.2;Y
1999-03-25 00:00:01;1999-03-26 00:00:00;1999-03-25;5.0;Y
1999-03-26 00:00:01;1999-03-27 00:00:00;1999-03-26;6.2;Y
1999-03-27 00:00:01;1999-03-28 00:00:00;1999-03-27;4.7;Y
1999-03-28 00:00:01;1999-03-29 00:00:00;1999-03-28;1.8;Y
1999-03-29 00:00:01;1999-03-30 00:00:00;1999-03-29;3.8;Y
1999-03-30 00:00:01;1999-03-31 00:00:00;1999-03-30;6.6;Y
1999-03-31 00:00:01;1999-04-01 00:00:00;1999-03-31;7.9;Y
1999-04-01 00:00:01;1999-04-02 00:00:00;1999-04-01;11.2;Y
1999-04-02 00:00:01;1999-04-03 00:00:00;1999-04-02;8.5;Y
1999-04-03 00:00:01;1999-04-04 00:00:00;1999-04-03;6.2;Y
1999-04-04 00:00:01;1999-04-05 00:00:00;1999-04-04;7.9;Y
1999-04-05 00:00:01;1999-04-06 00:00:00;1999-04-05;6.6;Y
1999-04-06 00:00:01;1999-04-07 00:00:00;1999-04-06;6.8;Y
1999-04-07 00:00:01;1999-04-08 00:00:00;1999-04-07;6.3;Y
1999-04-08 00:00:01;1999-04-09 00:00:00;1999-04-08;7.9;Y
1999-04-09 00:00:01;1999-04-10 00:00:00;1999-04-09;7.0;Y
1999-04-10 00:00:01;1999-04-11 00:00:00;1999-04-10;7.9;Y
1999-04-11 00:00:01;1999-04-12 00:00:00;1999-04-11;7.0;Y
1999-04-12 00:00:01;1999-04-13 00:00:00;1999-04-12;6.2;Y
1999-04-13 00:00:01;1999-04-14 00:00:00;1999-04-13;7.1;Y
1999-04-14 00:00:01;1999-04-15 00:00:00;1999-04-14;5.7;Y
1999-04-15 00:00:01;1999-04-16 00:00:00;1999-04-15;3.5;Y
1999-04-16 00:00:01;1999-04-17 00:00:00;1999-04-16;5.7;Y
1999-04-17 00:00:01;1999-04-18 00:00:00;1999-04-17;5.8;Y
1999-04-18 00:00:01;1999-04-19 00:00:00;1999-04-18;3.5;Y
1999-04-19 00:00:01;1999-04-20 00:00:00;1999-04-19;5.2;Y
1999-04-20 00:00:01;1999-04-21 00:00:00;1999-04-20;5.3;Y
1999-04-21 00:00:01;1999-04-22 00:00:00;1999-04-21;6.6;Y
1999-04-22 00:00:01;1999-04-23 00:00:00;1999-04-22;8.4;Y
1999-04-23 00:00:01;1999-04-24 00:00:00;1999-04-23;9.8;Y
1999-04-24 00:00:01;1999-04-25 00:00:00;1999-04-24;11.3;Y
1999-04-25 00:00:01;1999-04-26 00:00:00;1999-04-25;12.3;Y
1999-04-26 00:00:01;1999-04-27 00:00:00;1999-04-26;14.1;Y
1999-04-27 00:00:01;1999-04-28 00:00:00;1999-04-27;14.1;Y
1999-04-28 00:00:01;1999-04-29 00:00:00;1999-04-28;10.4;Y
1999-04-29 00:00:01;1999-04-30 00:00:00;1999-04-29;9.7;Y
1999-04-30 00:00:01;1999-05-01 00:00:00;1999-04-30;9.0;Y
1999-05-01 00:00:01;1999-05-02 00:00:00;1999-05-01;8.4;Y
1999-05-02 00:00:01;1999-05-03 00:00:00;1999-05-02;9.5;Y
1999-05-03 00:00:01;1999-05-04 00:00:00;1999-05-03;6.7;Y
1999-05-04 00:00:01;1999-05-05 00:00:00;1999-05-04;9.6;Y
1999-05-05 00:00:01;1999-05-06 00:00:00;1999-05-05;9.3;Y
1999-05-06 00:00:01;1999-05-07 00:00:00;1999-05-06;8.9;Y
1999-05-07 00:00:01;1999-05-08 00:00:00;1999-05-07;9.9;Y
1999-05-08 00:00:01;1999-05-09 00:00:00;1999-05-08;12.2;Y
1999-05-09 00:00:01;1999-05-10 00:00:00;1999-05-09;7.7;Y
1999-05-10 00:00:01;1999-05-11 00:00:00;1999-05-10;9.2;Y
1999-05-11 00:00:01;1999-05-12 00:00:00;1999-05-11;4.8;Y
1999-05-12 00:00:01;1999-05-13 00:00:00;1999-05-12;4.7;Y
1999-05-13 00:00:01;1999-05-14 00:00:00;1999-05-13;5.3;Y
1999-05-14 00:00:01;1999-05-15 00:00:00;1999-05-14;7.3;Y
1999-05-15 00:00:01;1999-05-16 00:00:00;1999-05-15;8.5;Y
1999-05-16 00:00:01;1999-05-17 00:00:00;1999-05-16;9.4;Y
1999-05-17 00:00:01;1999-05-18 00:00:00;1999-05-17;9.9;Y
1999-05-18 00:00:01;1999-05-19 00:00:00;1999-05-18;10.9;Y
1999-05-19 00:00:01;1999-05-20 00:00:00;1999-05-19;13.3;Y
1999-05-20 00:00:01;1999-05-21 00:00:00;1999-05-20;14.9;Y
1999-05-21 00:00:01;1999-05-22 00:00:00;1999-05-21;15.3;Y
1999-05-22 00:00:01;1999-05-23 00:00:00;1999-05-22;11.9;Y
1999-05-23 00:00:01;1999-05-24 00:00:00;1999-05-23;11.9;Y
1999-05-24 00:00:01;1999-05-25 00:00:00;1999-05-24;13.2;Y
1999-05-25 00:00:01;1999-05-26 00:00:00;1999-05-25;12.5;Y
1999-05-26 00:00:01;1999-05-27 00:00:00;1999-05-26;11.6;Y
1999-05-27 00:00:01;1999-05-28 00:00:00;1999-05-27;14.0;Y
1999-05-28 00:00:01;1999-05-29 00:00:00;1999-05-28;16.8;Y
1999-05-29 00:00:01;1999-05-30 00:00:00;1999-05-29;16.5;Y
1999-05-30 00:00:01;1999-05-31 00:00:00;1999-05-30;13.3;Y
1999-05-31 00:00:01;1999-06-01 00:00:00;1999-05-31;11.8;Y
1999-06-01 00:00:01;1999-06-02 00:00:00;1999-06-01;11.3;Y
1999-06-02 00:00:01;1999-06-03 00:00:00;1999-06-02;13.1;Y
1999-06-03 00:00:01;1999-06-04 00:00:00;1999-06-03;14.4;Y
1999-06-04 00:00:01;1999-06-05 00:00:00;1999-06-04;15.3;Y
1999-06-05 00:00:01;1999-06-06 00:00:00;1999-06-05;14.0;Y
1999-06-06 00:00:01;1999-06-07 00:00:00;1999-06-06;12.8;Y
1999-06-07 00:00:01;1999-06-08 00:00:00;1999-06-07;14.0;Y
1999-06-08 00:00:01;1999-06-09 00:00:00;1999-06-08;14.3;Y
1999-06-09 00:00:01;1999-06-10 00:00:00;1999-06-09;14.0;Y
1999-06-10 00:00:01;1999-06-11 00:00:00;1999-06-10;13.8;Y
1999-06-11 00:00:01;1999-06-12 00:00:00;1999-06-11;13.7;Y
1999-06-12 00:00:01;1999-06-13 00:00:00;1999-06-12;15.1;Y
1999-06-13 00:00:01;1999-06-14 00:00:00;1999-06-13;15.3;Y
1999-06-14 00:00:01;1999-06-15 00:00:00;1999-06-14;14.2;Y
1999-06-15 00:00:01;1999-06-16 00:00:00;1999-06-15;15.7;Y
1999-06-16 00:00:01;1999-06-17 00:00:00;1999-06-16;14.8;Y
1999-06-17 00:00:01;1999-06-18 00:00:00;1999-06-17;14.8;Y
1999-06-18 00:00:01;1999-06-19 00:00:00;1999-06-18;16.3;Y
1999-06-19 00:00:01;1999-06-20 00:00:00;1999-06-19;15.8;Y
1999-06-20 00:00:01;1999-06-21 00:00:00;1999-06-20;16.2;Y
1999-06-21 00:00:01;1999-06-22 00:00:00;1999-06-21;13.8;Y
1999-06-22 00:00:01;1999-06-23 00:00:00;1999-06-22;14.6;Y
1999-06-23 00:00:01;1999-06-24 00:00:00;1999-06-23;13.8;Y
1999-06-24 00:00:01;1999-06-25 00:00:00;1999-06-24;13.1;Y
1999-06-25 00:00:01;1999-06-26 00:00:00;1999-06-25;13.3;Y
1999-06-26 00:00:01;1999-06-27 00:00:00;1999-06-26;12.1;Y
1999-06-27 00:00:01;1999-06-28 00:00:00;1999-06-27;18.4;Y
1999-06-28 00:00:01;1999-06-29 00:00:00;1999-06-28;18.0;Y
1999-06-29 00:00:01;1999-06-30 00:00:00;1999-06-29;16.9;Y
1999-06-30 00:00:01;1999-07-01 00:00:00;1999-06-30;19.4;Y
1999-07-01 00:00:01;1999-07-02 00:00:00;1999-07-01;16.5;Y
1999-07-02 00:00:01;1999-07-03 00:00:00;1999-07-02;17.3;Y
1999-07-03 00:00:01;1999-07-04 00:00:00;1999-07-03;15.0;Y
1999-07-04 00:00:01;1999-07-05 00:00:00;1999-07-04;17.1;Y
1999-07-05 00:00:01;1999-07-06 00:00:00;1999-07-05;18.3;Y
1999-07-06 00:00:01;1999-07-07 00:00:00;1999-07-06;18.0;Y
1999-07-07 00:00:01;1999-07-08 00:00:00;1999-07-07;16.7;Y
1999-07-08 00:00:01;1999-07-09 00:00:00;1999-07-08;17.3;Y
1999-07-09 00:00:01;1999-07-10 00:00:00;1999-07-09;18.9;Y
1999-07-10 00:00:01;1999-07-11 00:00:00;1999-07-10;20.8;Y
1999-07-11 00:00:01;1999-07-12 00:00:00;1999-07-11;20.9;Y
1999-07-12 00:00:01;1999-07-13 00:00:00;1999-07-12;21.9;Y
1999-07-13 00:00:01;1999-07-14 00:00:00;1999-07-13;21.3;Y
1999-07-14 00:00:01;1999-07-15 00:00:00;1999-07-14;19.7;Y
1999-07-15 00:00:01;1999-07-16 00:00:00;1999-07-15;16.9;Y
1999-07-16 00:00:01;1999-07-17 00:00:00;1999-07-16;17.0;Y
1999-07-17 00:00:01;1999-07-18 00:00:00;1999-07-17;17.2;Y
1999-07-18 00:00:01;1999-07-19 00:00:00;1999-07-18;18.1;Y
1999-07-19 00:00:01;1999-07-20 00:00:00;1999-07-19;20.7;Y
1999-07-20 00:00:01;1999-07-21 00:00:00;1999-07-20;20.4;Y
1999-07-21 00:00:01;1999-07-22 00:00:00;1999-07-21;18.0;Y
1999-07-22 00:00:01;1999-07-23 00:00:00;1999-07-22;17.8;Y
1999-07-23 00:00:01;1999-07-24 00:00:00;1999-07-23;17.7;Y
1999-07-24 00:00:01;1999-07-25 00:00:00;1999-07-24;18.4;Y
1999-07-25 00:00:01;1999-07-26 00:00:00;1999-07-25;17.3;Y
1999-07-26 00:00:01;1999-07-27 00:00:00;1999-07-26;16.3;Y
1999-07-27 00:00:01;1999-07-28 00:00:00;1999-07-27;15.1;Y
1999-07-28 00:00:01;1999-07-29 00:00:00;1999-07-28;16.4;Y
1999-07-29 00:00:01;1999-07-30 00:00:00;1999-07-29;18.7;Y
1999-07-30 00:00:01;1999-07-31 00:00:00;1999-07-30;18.2;Y
1999-07-31 00:00:01;1999-08-01 00:00:00;1999-07-31;20.8;Y
1999-08-01 00:00:01;1999-08-02 00:00:00;1999-08-01;22.0;Y
1999-08-02 00:00:01;1999-08-03 00:00:00;1999-08-02;19.0;Y
1999-08-03 00:00:01;1999-08-04 00:00:00;1999-08-03;21.0;Y
1999-08-04 00:00:01;1999-08-05 00:00:00;1999-08-04;20.5;Y
1999-08-05 00:00:01;1999-08-06 00:00:00;1999-08-05;21.3;Y
1999-08-06 00:00:01;1999-08-07 00:00:00;1999-08-06;20.0;Y
1999-08-07 00:00:01;1999-08-08 00:00:00;1999-08-07;18.9;Y
1999-08-08 00:00:01;1999-08-09 00:00:00;1999-08-08;16.8;Y
1999-08-09 00:00:01;1999-08-10 00:00:00;1999-08-09;17.4;Y
1999-08-10 00:00:01;1999-08-11 00:00:00;1999-08-10;18.7;Y
1999-08-11 00:00:01;1999-08-12 00:00:00;1999-08-11;18.1;Y
1999-08-12 00:00:01;1999-08-13 00:00:00;1999-08-12;15.8;Y
1999-08-13 00:00:01;1999-08-14 00:00:00;1999-08-13;16.2;Y
1999-08-14 00:00:01;1999-08-15 00:00:00;1999-08-14;16.9;Y
1999-08-15 00:00:01;1999-08-16 00:00:00;1999-08-15;16.1;Y
1999-08-16 00:00:01;1999-08-17 00:00:00;1999-08-16;14.5;Y
1999-08-17 00:00:01;1999-08-18 00:00:00;1999-08-17;15.3;Y
1999-08-18 00:00:01;1999-08-19 00:00:00;1999-08-18;15.0;Y
1999-08-19 00:00:01;1999-08-20 00:00:00;1999-08-19;15.6;Y
1999-08-20 00:00:01;1999-08-21 00:00:00;1999-08-20;16.5;Y
1999-08-21 00:00:01;1999-08-22 00:00:00;1999-08-21;14.6;Y
1999-08-22 00:00:01;1999-08-23 00:00:00;1999-08-22;15.1;Y
1999-08-23 00:00:01;1999-08-24 00:00:00;1999-08-23;14.5;Y
1999-08-24 00:00:01;1999-08-25 00:00:00;1999-08-24;15.3;Y
1999-08-25 00:00:01;1999-08-26 00:00:00;1999-08-25;14.4;Y
1999-08-26 00:00:01;1999-08-27 00:00:00;1999-08-26;16.1;Y
1999-08-27 00:00:01;1999-08-28 00:00:00;1999-08-27;17.8;Y
1999-08-28 00:00:01;1999-08-29 00:00:00;1999-08-28;16.9;Y
1999-08-29 00:00:01;1999-08-30 00:00:00;1999-08-29;15.0;Y
1999-08-30 00:00:01;1999-08-31 00:00:00;1999-08-30;14.5;Y
1999-08-31 00:00:01;1999-09-01 00:00:00;1999-08-31;15.2;Y
1999-09-01 00:00:01;1999-09-02 00:00:00;1999-09-01;13.8;Y
1999-09-02 00:00:01;1999-09-03 00:00:00;1999-09-02;16.6;Y
1999-09-03 00:00:01;1999-09-04 00:00:00;1999-09-03;18.5;Y
1999-09-04 00:00:01;1999-09-05 00:00:00;1999-09-04;17.1;Y
1999-09-05 00:00:01;1999-09-06 00:00:00;1999-09-05;18.6;Y
1999-09-06 00:00:01;1999-09-07 00:00:00;1999-09-06;17.6;Y
1999-09-07 00:00:01;1999-09-08 00:00:00;1999-09-07;17.8;Y
1999-09-08 00:00:01;1999-09-09 00:00:00;1999-09-08;18.7;Y
1999-09-09 00:00:01;1999-09-10 00:00:00;1999-09-09;19.0;Y
1999-09-10 00:00:01;1999-09-11 00:00:00;1999-09-10;14.9;Y
1999-09-11 00:00:01;1999-09-12 00:00:00;1999-09-11;17.0;Y
1999-09-12 00:00:01;1999-09-13 00:00:00;1999-09-12;17.9;Y
1999-09-13 00:00:01;1999-09-14 00:00:00;1999-09-13;16.3;Y
1999-09-14 00:00:01;1999-09-15 00:00:00;1999-09-14;14.9;Y
1999-09-15 00:00:01;1999-09-16 00:00:00;1999-09-15;13.6;Y
1999-09-16 00:00:01;1999-09-17 00:00:00;1999-09-16;14.5;Y
1999-09-17 00:00:01;1999-09-18 00:00:00;1999-09-17;14.9;Y
1999-09-18 00:00:01;1999-09-19 00:00:00;1999-09-18;16.4;Y
1999-09-19 00:00:01;1999-09-20 00:00:00;1999-09-19;15.7;Y
1999-09-20 00:00:01;1999-09-21 00:00:00;1999-09-20;17.2;Y
1999-09-21 00:00:01;1999-09-22 00:00:00;1999-09-21;17.3;Y
1999-09-22 00:00:01;1999-09-23 00:00:00;1999-09-22;16.2;Y
1999-09-23 00:00:01;1999-09-24 00:00:00;1999-09-23;14.7;Y
1999-09-24 00:00:01;1999-09-25 00:00:00;1999-09-24;16.9;Y
1999-09-25 00:00:01;1999-09-26 00:00:00;1999-09-25;16.5;Y
1999-09-26 00:00:01;1999-09-27 00:00:00;1999-09-26;15.5;Y
1999-09-27 00:00:01;1999-09-28 00:00:00;1999-09-27;15.6;Y
1999-09-28 00:00:01;1999-09-29 00:00:00;1999-09-28;15.7;Y
1999-09-29 00:00:01;1999-09-30 00:00:00;1999-09-29;15.0;Y
1999-09-30 00:00:01;1999-10-01 00:00:00;1999-09-30;15.5;Y
1999-10-01 00:00:01;1999-10-02 00:00:00;1999-10-01;14.1;Y
1999-10-02 00:00:01;1999-10-03 00:00:00;1999-10-02;13.9;Y
1999-10-03 00:00:01;1999-10-04 00:00:00;1999-10-03;12.8;Y
1999-10-04 00:00:01;1999-10-05 00:00:00;1999-10-04;12.9;Y
1999-10-05 00:00:01;1999-10-06 00:00:00;1999-10-05;10.9;Y
1999-10-06 00:00:01;1999-10-07 00:00:00;1999-10-06;9.1;Y
1999-10-07 00:00:01;1999-10-08 00:00:00;1999-10-07;10.1;Y
1999-10-08 00:00:01;1999-10-09 00:00:00;1999-10-08;11.4;Y
1999-10-09 00:00:01;1999-10-10 00:00:00;1999-10-09;10.6;Y
1999-10-10 00:00:01;1999-10-11 00:00:00;1999-10-10;8.3;Y
1999-10-11 00:00:01;1999-10-12 00:00:00;1999-10-11;11.8;Y
1999-10-12 00:00:01;1999-10-13 00:00:00;1999-10-12;11.8;Y
1999-10-13 00:00:01;1999-10-14 00:00:00;1999-10-13;12.1;Y
1999-10-14 00:00:01;1999-10-15 00:00:00;1999-10-14;8.2;Y
1999-10-15 00:00:01;1999-10-16 00:00:00;1999-10-15;5.3;Y
1999-10-16 00:00:01;1999-10-17 00:00:00;1999-10-16;4.1;Y
1999-10-17 00:00:01;1999-10-18 00:00:00;1999-10-17;3.8;Y
1999-10-18 00:00:01;1999-10-19 00:00:00;1999-10-18;4.7;Y
1999-10-19 00:00:01;1999-10-20 00:00:00;1999-10-19;6.1;Y
1999-10-20 00:00:01;1999-10-21 00:00:00;1999-10-20;4.1;Y
1999-10-21 00:00:01;1999-10-22 00:00:00;1999-10-21;4.5;Y
1999-10-22 00:00:01;1999-10-23 00:00:00;1999-10-22;6.6;Y
1999-10-23 00:00:01;1999-10-24 00:00:00;1999-10-23;7.5;Y
1999-10-24 00:00:01;1999-10-25 00:00:00;1999-10-24;9.7;Y
1999-10-25 00:00:01;1999-10-26 00:00:00;1999-10-25;10.5;Y
1999-10-26 00:00:01;1999-10-27 00:00:00;1999-10-26;11.3;Y
1999-10-27 00:00:01;1999-10-28 00:00:00;1999-10-27;10.0;Y
1999-10-28 00:00:01;1999-10-29 00:00:00;1999-10-28;10.9;Y
1999-10-29 00:00:01;1999-10-30 00:00:00;1999-10-29;9.9;Y
1999-10-30 00:00:01;1999-10-31 00:00:00;1999-10-30;9.5;Y
1999-10-31 00:00:01;1999-11-01 00:00:00;1999-10-31;10.2;Y
1999-11-01 00:00:01;1999-11-02 00:00:00;1999-11-01;10.9;Y
1999-11-02 00:00:01;1999-11-03 00:00:00;1999-11-02;11.0;Y
1999-11-03 00:00:01;1999-11-04 00:00:00;1999-11-03;9.7;Y
1999-11-04 00:00:01;1999-11-05 00:00:00;1999-11-04;10.2;Y
1999-11-05 00:00:01;1999-11-06 00:00:00;1999-11-05;8.0;Y
1999-11-06 00:00:01;1999-11-07 00:00:00;1999-11-06;8.9;Y
1999-11-07 00:00:01;1999-11-08 00:00:00;1999-11-07;8.0;Y
1999-11-08 00:00:01;1999-11-09 00:00:00;1999-11-08;8.1;Y
1999-11-09 00:00:01;1999-11-10 00:00:00;1999-11-09;7.0;Y
1999-11-10 00:00:01;1999-11-11 00:00:00;1999-11-10;5.7;Y
1999-11-11 00:00:01;1999-11-12 00:00:00;1999-11-11;0.3;Y
1999-11-12 00:00:01;1999-11-13 00:00:00;1999-11-12;6.3;Y
1999-11-13 00:00:01;1999-11-14 00:00:00;1999-11-13;7.9;Y
1999-11-14 00:00:01;1999-11-15 00:00:00;1999-11-14;1.8;Y
1999-11-15 00:00:01;1999-11-16 00:00:00;1999-11-15;-0.3;Y
1999-11-16 00:00:01;1999-11-17 00:00:00;1999-11-16;4.6;Y
1999-11-17 00:00:01;1999-11-18 00:00:00;1999-11-17;0.9;Y
1999-11-18 00:00:01;1999-11-19 00:00:00;1999-11-18;-0.1;Y
1999-11-19 00:00:01;1999-11-20 00:00:00;1999-11-19;2.4;Y
1999-11-20 00:00:01;1999-11-21 00:00:00;1999-11-20;0.8;Y
1999-11-21 00:00:01;1999-11-22 00:00:00;1999-11-21;-1.4;Y
1999-11-22 00:00:01;1999-11-23 00:00:00;1999-11-22;-0.9;Y
1999-11-23 00:00:01;1999-11-24 00:00:00;1999-11-23;4.3;Y
1999-11-24 00:00:01;1999-11-25 00:00:00;1999-11-24;5.1;Y
1999-11-25 00:00:01;1999-11-26 00:00:00;1999-11-25;6.3;Y
1999-11-26 00:00:01;1999-11-27 00:00:00;1999-11-26;7.4;Y
1999-11-27 00:00:01;1999-11-28 00:00:00;1999-11-27;7.1;Y
1999-11-28 00:00:01;1999-11-29 00:00:00;1999-11-28;7.4;Y
1999-11-29 00:00:01;1999-11-30 00:00:00;1999-11-29;7.4;Y
1999-11-30 00:00:01;1999-12-01 00:00:00;1999-11-30;6.3;Y
1999-12-01 00:00:01;1999-12-02 00:00:00;1999-12-01;6.5;Y
1999-12-02 00:00:01;1999-12-03 00:00:00;1999-12-02;5.2;Y
1999-12-03 00:00:01;1999-12-04 00:00:00;1999-12-03;5.0;Y
1999-12-04 00:00:01;1999-12-05 00:00:00;1999-12-04;1.3;Y
1999-12-05 00:00:01;1999-12-06 00:00:00;1999-12-05;-4.0;Y
1999-12-06 00:00:01;1999-12-07 00:00:00;1999-12-06;4.4;Y
1999-12-07 00:00:01;1999-12-08 00:00:00;1999-12-07;6.3;Y
1999-12-08 00:00:01;1999-12-09 00:00:00;1999-12-08;5.8;Y
1999-12-09 00:00:01;1999-12-10 00:00:00;1999-12-09;6.7;Y
1999-12-10 00:00:01;1999-12-11 00:00:00;1999-12-10;5.9;Y
1999-12-11 00:00:01;1999-12-12 00:00:00;1999-12-11;4.8;Y
1999-12-12 00:00:01;1999-12-13 00:00:00;1999-12-12;1.8;Y
1999-12-13 00:00:01;1999-12-14 00:00:00;1999-12-13;-1.0;Y
1999-12-14 00:00:01;1999-12-15 00:00:00;1999-12-14;-3.7;Y
1999-12-15 00:00:01;1999-12-16 00:00:00;1999-12-15;-3.6;Y
1999-12-16 00:00:01;1999-12-17 00:00:00;1999-12-16;-3.4;Y
1999-12-17 00:00:01;1999-12-18 00:00:00;1999-12-17;4.9;Y
1999-12-18 00:00:01;1999-12-19 00:00:00;1999-12-18;2.4;Y
1999-12-19 00:00:01;1999-12-20 00:00:00;1999-12-19;-1.8;Y
1999-12-20 00:00:01;1999-12-21 00:00:00;1999-12-20;-1.7;Y
1999-12-21 00:00:01;1999-12-22 00:00:00;1999-12-21;-3.7;Y
1999-12-22 00:00:01;1999-12-23 00:00:00;1999-12-22;1.9;Y
1999-12-23 00:00:01;1999-12-24 00:00:00;1999-12-23;3.0;Y
1999-12-24 00:00:01;1999-12-25 00:00:00;1999-12-24;4.0;Y
1999-12-25 00:00:01;1999-12-26 00:00:00;1999-12-25;4.8;Y
1999-12-26 00:00:01;1999-12-27 00:00:00;1999-12-26;2.8;Y
1999-12-27 00:00:01;1999-12-28 00:00:00;1999-12-27;2.0;Y
1999-12-28 00:00:01;1999-12-29 00:00:00;1999-12-28;0.8;Y
1999-12-29 00:00:01;1999-12-30 00:00:00;1999-12-29;-2.0;Y
1999-12-30 00:00:01;1999-12-31 00:00:00;1999-12-30;0.1;Y
1999-12-31 00:00:01;2000-01-01 00:00:00;1999-12-31;0.3;Y
2000-01-01 00:00:01;2000-01-02 00:00:00;2000-01-01;3.4;Y
2000-01-02 00:00:01;2000-01-03 00:00:00;2000-01-02;3.9;Y
2000-01-03 00:00:01;2000-01-04 00:00:00;2000-01-03;4.1;Y
2000-01-04 00:00:01;2000-01-05 00:00:00;2000-01-04;4.2;Y
2000-01-05 00:00:01;2000-01-06 00:00:00;2000-01-05;2.7;Y
2000-01-06 00:00:01;2000-01-07 00:00:00;2000-01-06;4.6;Y
2000-01-07 00:00:01;2000-01-08 00:00:00;2000-01-07;4.0;Y
2000-01-08 00:00:01;2000-01-09 00:00:00;2000-01-08;5.1;Y
2000-01-09 00:00:01;2000-01-10 00:00:00;2000-01-09;4.3;Y
2000-01-10 00:00:01;2000-01-11 00:00:00;2000-01-10;3.4;Y
2000-01-11 00:00:01;2000-01-12 00:00:00;2000-01-11;3.8;Y
2000-01-12 00:00:01;2000-01-13 00:00:00;2000-01-12;4.3;Y
2000-01-13 00:00:01;2000-01-14 00:00:00;2000-01-13;3.2;Y
2000-01-14 00:00:01;2000-01-15 00:00:00;2000-01-14;1.3;Y
2000-01-15 00:00:01;2000-01-16 00:00:00;2000-01-15;1.1;Y
2000-01-16 00:00:01;2000-01-17 00:00:00;2000-01-16;2.9;Y
2000-01-17 00:00:01;2000-01-18 00:00:00;2000-01-17;6.2;Y
2000-01-18 00:00:01;2000-01-19 00:00:00;2000-01-18;3.3;Y
2000-01-19 00:00:01;2000-01-20 00:00:00;2000-01-19;1.1;Y
2000-01-20 00:00:01;2000-01-21 00:00:00;2000-01-20;3.5;Y
2000-01-21 00:00:01;2000-01-22 00:00:00;2000-01-21;-3.0;Y
2000-01-22 00:00:01;2000-01-23 00:00:00;2000-01-22;-4.8;Y
2000-01-23 00:00:01;2000-01-24 00:00:00;2000-01-23;-6.2;Y
2000-01-24 00:00:01;2000-01-25 00:00:00;2000-01-24;-5.5;Y
2000-01-25 00:00:01;2000-01-26 00:00:00;2000-01-25;-1.1;Y
2000-01-26 00:00:01;2000-01-27 00:00:00;2000-01-26;1.5;Y
2000-01-27 00:00:01;2000-01-28 00:00:00;2000-01-27;3.4;Y
2000-01-28 00:00:01;2000-01-29 00:00:00;2000-01-28;3.1;Y
2000-01-29 00:00:01;2000-01-30 00:00:00;2000-01-29;4.1;Y
2000-01-30 00:00:01;2000-01-31 00:00:00;2000-01-30;3.8;Y
2000-01-31 00:00:01;2000-02-01 00:00:00;2000-01-31;0.9;Y
2000-02-01 00:00:01;2000-02-02 00:00:00;2000-02-01;2.8;Y
2000-02-02 00:00:01;2000-02-03 00:00:00;2000-02-02;3.2;Y
2000-02-03 00:00:01;2000-02-04 00:00:00;2000-02-03;1.1;Y
2000-02-04 00:00:01;2000-02-05 00:00:00;2000-02-04;3.7;Y
2000-02-05 00:00:01;2000-02-06 00:00:00;2000-02-05;5.5;Y
2000-02-06 00:00:01;2000-02-07 00:00:00;2000-02-06;4.3;Y
2000-02-07 00:00:01;2000-02-08 00:00:00;2000-02-07;4.5;Y
2000-02-08 00:00:01;2000-02-09 00:00:00;2000-02-08;4.4;Y
2000-02-09 00:00:01;2000-02-10 00:00:00;2000-02-09;3.5;Y
2000-02-10 00:00:01;2000-02-11 00:00:00;2000-02-10;3.5;Y
2000-02-11 00:00:01;2000-02-12 00:00:00;2000-02-11;4.0;Y
2000-02-12 00:00:01;2000-02-13 00:00:00;2000-02-12;4.0;Y
2000-02-13 00:00:01;2000-02-14 00:00:00;2000-02-13;3.3;Y
2000-02-14 00:00:01;2000-02-15 00:00:00;2000-02-14;1.8;Y
2000-02-15 00:00:01;2000-02-16 00:00:00;2000-02-15;3.0;Y
2000-02-16 00:00:01;2000-02-17 00:00:00;2000-02-16;1.9;Y
2000-02-17 00:00:01;2000-02-18 00:00:00;2000-02-17;-0.3;Y
2000-02-18 00:00:01;2000-02-19 00:00:00;2000-02-18;0.3;Y
2000-02-19 00:00:01;2000-02-20 00:00:00;2000-02-19;1.2;Y
2000-02-20 00:00:01;2000-02-21 00:00:00;2000-02-20;-0.2;Y
2000-02-21 00:00:01;2000-02-22 00:00:00;2000-02-21;-3.6;Y
2000-02-22 00:00:01;2000-02-23 00:00:00;2000-02-22;-0.6;Y
2000-02-23 00:00:01;2000-02-24 00:00:00;2000-02-23;-1.3;Y
2000-02-24 00:00:01;2000-02-25 00:00:00;2000-02-24;2.6;Y
2000-02-25 00:00:01;2000-02-26 00:00:00;2000-02-25;3.6;Y
2000-02-26 00:00:01;2000-02-27 00:00:00;2000-02-26;3.3;Y
2000-02-27 00:00:01;2000-02-28 00:00:00;2000-02-27;3.6;Y
2000-02-28 00:00:01;2000-02-29 00:00:00;2000-02-28;5.1;Y
2000-02-29 00:00:01;2000-03-01 00:00:00;2000-02-29;3.9;Y
2000-03-01 00:00:01;2000-03-02 00:00:00;2000-03-01;4.1;Y
2000-03-02 00:00:01;2000-03-03 00:00:00;2000-03-02;2.5;Y
2000-03-03 00:00:01;2000-03-04 00:00:00;2000-03-03;4.5;Y
2000-03-04 00:00:01;2000-03-05 00:00:00;2000-03-04;1.0;Y
2000-03-05 00:00:01;2000-03-06 00:00:00;2000-03-05;1.1;Y
2000-03-06 00:00:01;2000-03-07 00:00:00;2000-03-06;4.3;Y
2000-03-07 00:00:01;2000-03-08 00:00:00;2000-03-07;4.3;Y
2000-03-08 00:00:01;2000-03-09 00:00:00;2000-03-08;4.7;Y
2000-03-09 00:00:01;2000-03-10 00:00:00;2000-03-09;2.5;Y
2000-03-10 00:00:01;2000-03-11 00:00:00;2000-03-10;0.6;Y
2000-03-11 00:00:01;2000-03-12 00:00:00;2000-03-11;0.9;Y
2000-03-12 00:00:01;2000-03-13 00:00:00;2000-03-12;2.1;Y
2000-03-13 00:00:01;2000-03-14 00:00:00;2000-03-13;3.8;Y
2000-03-14 00:00:01;2000-03-15 00:00:00;2000-03-14;3.3;Y
2000-03-15 00:00:01;2000-03-16 00:00:00;2000-03-15;2.2;Y
2000-03-16 00:00:01;2000-03-17 00:00:00;2000-03-16;1.5;Y
2000-03-17 00:00:01;2000-03-18 00:00:00;2000-03-17;2.5;Y
2000-03-18 00:00:01;2000-03-19 00:00:00;2000-03-18;2.8;Y
2000-03-19 00:00:01;2000-03-20 00:00:00;2000-03-19;0.4;Y
2000-03-20 00:00:01;2000-03-21 00:00:00;2000-03-20;5.9;Y
2000-03-21 00:00:01;2000-03-22 00:00:00;2000-03-21;4.8;Y
2000-03-22 00:00:01;2000-03-23 00:00:00;2000-03-22;4.9;Y
2000-03-23 00:00:01;2000-03-24 00:00:00;2000-03-23;3.9;Y
2000-03-24 00:00:01;2000-03-25 00:00:00;2000-03-24;0.9;Y
2000-03-25 00:00:01;2000-03-26 00:00:00;2000-03-25;2.6;Y
2000-03-26 00:00:01;2000-03-27 00:00:00;2000-03-26;2.4;Y
2000-03-27 00:00:01;2000-03-28 00:00:00;2000-03-27;2.0;Y
2000-03-28 00:00:01;2000-03-29 00:00:00;2000-03-28;1.3;Y
2000-03-29 00:00:01;2000-03-30 00:00:00;2000-03-29;3.5;Y
2000-03-30 00:00:01;2000-03-31 00:00:00;2000-03-30;6.9;Y
2000-03-31 00:00:01;2000-04-01 00:00:00;2000-03-31;7.4;Y
2000-04-01 00:00:01;2000-04-02 00:00:00;2000-04-01;6.3;Y
2000-04-02 00:00:01;2000-04-03 00:00:00;2000-04-02;6.2;Y
2000-04-03 00:00:01;2000-04-04 00:00:00;2000-04-03;6.9;Y
2000-04-04 00:00:01;2000-04-05 00:00:00;2000-04-04;8.0;Y
2000-04-05 00:00:01;2000-04-06 00:00:00;2000-04-05;2.8;Y
2000-04-06 00:00:01;2000-04-07 00:00:00;2000-04-06;3.6;Y
2000-04-07 00:00:01;2000-04-08 00:00:00;2000-04-07;6.0;Y
2000-04-08 00:00:01;2000-04-09 00:00:00;2000-04-08;4.1;Y
2000-04-09 00:00:01;2000-04-10 00:00:00;2000-04-09;2.8;Y
2000-04-10 00:00:01;2000-04-11 00:00:00;2000-04-10;6.3;Y
2000-04-11 00:00:01;2000-04-12 00:00:00;2000-04-11;6.8;Y
2000-04-12 00:00:01;2000-04-13 00:00:00;2000-04-12;5.7;Y
2000-04-13 00:00:01;2000-04-14 00:00:00;2000-04-13;5.9;Y
2000-04-14 00:00:01;2000-04-15 00:00:00;2000-04-14;6.0;Y
2000-04-15 00:00:01;2000-04-16 00:00:00;2000-04-15;6.9;Y
2000-04-16 00:00:01;2000-04-17 00:00:00;2000-04-16;7.6;Y
2000-04-17 00:00:01;2000-04-18 00:00:00;2000-04-17;9.2;Y
2000-04-18 00:00:01;2000-04-19 00:00:00;2000-04-18;8.4;Y
2000-04-19 00:00:01;2000-04-20 00:00:00;2000-04-19;8.0;Y
2000-04-20 00:00:01;2000-04-21 00:00:00;2000-04-20;9.5;Y
2000-04-21 00:00:01;2000-04-22 00:00:00;2000-04-21;10.9;Y
2000-04-22 00:00:01;2000-04-23 00:00:00;2000-04-22;10.9;Y
2000-04-23 00:00:01;2000-04-24 00:00:00;2000-04-23;12.6;Y
2000-04-24 00:00:01;2000-04-25 00:00:00;2000-04-24;12.9;Y
2000-04-25 00:00:01;2000-04-26 00:00:00;2000-04-25;10.9;Y
2000-04-26 00:00:01;2000-04-27 00:00:00;2000-04-26;12.0;Y
2000-04-27 00:00:01;2000-04-28 00:00:00;2000-04-27;14.9;Y
2000-04-28 00:00:01;2000-04-29 00:00:00;2000-04-28;19.1;Y
2000-04-29 00:00:01;2000-04-30 00:00:00;2000-04-29;20.1;Y
2000-04-30 00:00:01;2000-05-01 00:00:00;2000-04-30;20.7;Y
2000-05-01 00:00:01;2000-05-02 00:00:00;2000-05-01;16.9;Y
2000-05-02 00:00:01;2000-05-03 00:00:00;2000-05-02;12.2;Y
2000-05-03 00:00:01;2000-05-04 00:00:00;2000-05-03;11.4;Y
2000-05-04 00:00:01;2000-05-05 00:00:00;2000-05-04;13.8;Y
2000-05-05 00:00:01;2000-05-06 00:00:00;2000-05-05;12.6;Y
2000-05-06 00:00:01;2000-05-07 00:00:00;2000-05-06;14.2;Y
2000-05-07 00:00:01;2000-05-08 00:00:00;2000-05-07;11.5;Y
2000-05-08 00:00:01;2000-05-09 00:00:00;2000-05-08;14.0;Y
2000-05-09 00:00:01;2000-05-10 00:00:00;2000-05-09;15.8;Y
2000-05-10 00:00:01;2000-05-11 00:00:00;2000-05-10;15.5;Y
2000-05-11 00:00:01;2000-05-12 00:00:00;2000-05-11;13.2;Y
2000-05-12 00:00:01;2000-05-13 00:00:00;2000-05-12;10.2;Y
2000-05-13 00:00:01;2000-05-14 00:00:00;2000-05-13;12.7;Y
2000-05-14 00:00:01;2000-05-15 00:00:00;2000-05-14;13.2;Y
2000-05-15 00:00:01;2000-05-16 00:00:00;2000-05-15;15.4;Y
2000-05-16 00:00:01;2000-05-17 00:00:00;2000-05-16;18.1;Y
2000-05-17 00:00:01;2000-05-18 00:00:00;2000-05-17;15.9;Y
2000-05-18 00:00:01;2000-05-19 00:00:00;2000-05-18;14.0;Y
2000-05-19 00:00:01;2000-05-20 00:00:00;2000-05-19;13.2;Y
2000-05-20 00:00:01;2000-05-21 00:00:00;2000-05-20;12.8;Y
2000-05-21 00:00:01;2000-05-22 00:00:00;2000-05-21;12.7;Y
2000-05-22 00:00:01;2000-05-23 00:00:00;2000-05-22;11.8;Y
2000-05-23 00:00:01;2000-05-24 00:00:00;2000-05-23;14.1;Y
2000-05-24 00:00:01;2000-05-25 00:00:00;2000-05-24;14.1;Y
2000-05-25 00:00:01;2000-05-26 00:00:00;2000-05-25;12.0;Y
2000-05-26 00:00:01;2000-05-27 00:00:00;2000-05-26;12.7;Y
2000-05-27 00:00:01;2000-05-28 00:00:00;2000-05-27;12.2;Y
2000-05-28 00:00:01;2000-05-29 00:00:00;2000-05-28;12.8;Y
2000-05-29 00:00:01;2000-05-30 00:00:00;2000-05-29;11.1;Y
2000-05-30 00:00:01;2000-05-31 00:00:00;2000-05-30;10.7;Y
2000-05-31 00:00:01;2000-06-01 00:00:00;2000-05-31;12.0;Y
2000-06-01 00:00:01;2000-06-02 00:00:00;2000-06-01;13.2;Y
2000-06-02 00:00:01;2000-06-03 00:00:00;2000-06-02;13.7;Y
2000-06-03 00:00:01;2000-06-04 00:00:00;2000-06-03;12.2;Y
2000-06-04 00:00:01;2000-06-05 00:00:00;2000-06-04;11.1;Y
2000-06-05 00:00:01;2000-06-06 00:00:00;2000-06-05;13.0;Y
2000-06-06 00:00:01;2000-06-07 00:00:00;2000-06-06;10.1;Y
2000-06-07 00:00:01;2000-06-08 00:00:00;2000-06-07;10.4;Y
2000-06-08 00:00:01;2000-06-09 00:00:00;2000-06-08;13.0;Y
2000-06-09 00:00:01;2000-06-10 00:00:00;2000-06-09;13.8;Y
2000-06-10 00:00:01;2000-06-11 00:00:00;2000-06-10;19.1;Y
2000-06-11 00:00:01;2000-06-12 00:00:00;2000-06-11;16.1;Y
2000-06-12 00:00:01;2000-06-13 00:00:00;2000-06-12;14.6;Y
2000-06-13 00:00:01;2000-06-14 00:00:00;2000-06-13;15.3;Y
2000-06-14 00:00:01;2000-06-15 00:00:00;2000-06-14;14.0;Y
2000-06-15 00:00:01;2000-06-16 00:00:00;2000-06-15;13.2;Y
2000-06-16 00:00:01;2000-06-17 00:00:00;2000-06-16;12.9;Y
2000-06-17 00:00:01;2000-06-18 00:00:00;2000-06-17;11.5;Y
2000-06-18 00:00:01;2000-06-19 00:00:00;2000-06-18;13.7;Y
2000-06-19 00:00:01;2000-06-20 00:00:00;2000-06-19;17.5;Y
2000-06-20 00:00:01;2000-06-21 00:00:00;2000-06-20;20.8;Y
2000-06-21 00:00:01;2000-06-22 00:00:00;2000-06-21;22.0;Y
2000-06-22 00:00:01;2000-06-23 00:00:00;2000-06-22;17.9;Y
2000-06-23 00:00:01;2000-06-24 00:00:00;2000-06-23;17.8;Y
2000-06-24 00:00:01;2000-06-25 00:00:00;2000-06-24;15.8;Y
2000-06-25 00:00:01;2000-06-26 00:00:00;2000-06-25;15.6;Y
2000-06-26 00:00:01;2000-06-27 00:00:00;2000-06-26;14.0;Y
2000-06-27 00:00:01;2000-06-28 00:00:00;2000-06-27;13.7;Y
2000-06-28 00:00:01;2000-06-29 00:00:00;2000-06-28;13.2;Y
2000-06-29 00:00:01;2000-06-30 00:00:00;2000-06-29;14.3;Y
2000-06-30 00:00:01;2000-07-01 00:00:00;2000-06-30;15.4;Y
2000-07-01 00:00:01;2000-07-02 00:00:00;2000-07-01;15.7;Y
2000-07-02 00:00:01;2000-07-03 00:00:00;2000-07-02;15.9;Y
2000-07-03 00:00:01;2000-07-04 00:00:00;2000-07-03;16.6;Y
2000-07-04 00:00:01;2000-07-05 00:00:00;2000-07-04;17.8;Y
2000-07-05 00:00:01;2000-07-06 00:00:00;2000-07-05;17.6;Y
2000-07-06 00:00:01;2000-07-07 00:00:00;2000-07-06;16.7;Y
2000-07-07 00:00:01;2000-07-08 00:00:00;2000-07-07;13.5;Y
2000-07-08 00:00:01;2000-07-09 00:00:00;2000-07-08;13.0;Y
2000-07-09 00:00:01;2000-07-10 00:00:00;2000-07-09;14.6;Y
2000-07-10 00:00:01;2000-07-11 00:00:00;2000-07-10;15.2;Y
2000-07-11 00:00:01;2000-07-12 00:00:00;2000-07-11;15.5;Y
2000-07-12 00:00:01;2000-07-13 00:00:00;2000-07-12;16.0;Y
2000-07-13 00:00:01;2000-07-14 00:00:00;2000-07-13;14.1;Y
2000-07-14 00:00:01;2000-07-15 00:00:00;2000-07-14;15.5;Y
2000-07-15 00:00:01;2000-07-16 00:00:00;2000-07-15;14.9;Y
2000-07-16 00:00:01;2000-07-17 00:00:00;2000-07-16;16.8;Y
2000-07-17 00:00:01;2000-07-18 00:00:00;2000-07-17;16.0;Y
2000-07-18 00:00:01;2000-07-19 00:00:00;2000-07-18;14.9;Y
2000-07-19 00:00:01;2000-07-20 00:00:00;2000-07-19;16.3;Y
2000-07-20 00:00:01;2000-07-21 00:00:00;2000-07-20;17.7;Y
2000-07-21 00:00:01;2000-07-22 00:00:00;2000-07-21;18.0;Y
2000-07-22 00:00:01;2000-07-23 00:00:00;2000-07-22;18.6;Y
2000-07-23 00:00:01;2000-07-24 00:00:00;2000-07-23;19.0;Y
2000-07-24 00:00:01;2000-07-25 00:00:00;2000-07-24;18.1;Y
2000-07-25 00:00:01;2000-07-26 00:00:00;2000-07-25;17.8;Y
2000-07-26 00:00:01;2000-07-27 00:00:00;2000-07-26;16.3;Y
2000-07-27 00:00:01;2000-07-28 00:00:00;2000-07-27;18.4;Y
2000-07-28 00:00:01;2000-07-29 00:00:00;2000-07-28;17.2;Y
2000-07-29 00:00:01;2000-07-30 00:00:00;2000-07-29;18.2;Y
2000-07-30 00:00:01;2000-07-31 00:00:00;2000-07-30;17.7;Y
2000-07-31 00:00:01;2000-08-01 00:00:00;2000-07-31;17.7;Y
2000-08-01 00:00:01;2000-08-02 00:00:00;2000-08-01;17.1;Y
2000-08-02 00:00:01;2000-08-03 00:00:00;2000-08-02;16.5;Y
2000-08-03 00:00:01;2000-08-04 00:00:00;2000-08-03;17.1;Y
2000-08-04 00:00:01;2000-08-05 00:00:00;2000-08-04;17.2;Y
2000-08-05 00:00:01;2000-08-06 00:00:00;2000-08-05;17.0;Y
2000-08-06 00:00:01;2000-08-07 00:00:00;2000-08-06;17.1;Y
2000-08-07 00:00:01;2000-08-08 00:00:00;2000-08-07;16.0;Y
2000-08-08 00:00:01;2000-08-09 00:00:00;2000-08-08;15.3;Y
2000-08-09 00:00:01;2000-08-10 00:00:00;2000-08-09;15.8;Y
2000-08-10 00:00:01;2000-08-11 00:00:00;2000-08-10;15.1;Y
2000-08-11 00:00:01;2000-08-12 00:00:00;2000-08-11;15.4;Y
2000-08-12 00:00:01;2000-08-13 00:00:00;2000-08-12;15.2;Y
2000-08-13 00:00:01;2000-08-14 00:00:00;2000-08-13;15.8;Y
2000-08-14 00:00:01;2000-08-15 00:00:00;2000-08-14;16.8;Y
2000-08-15 00:00:01;2000-08-16 00:00:00;2000-08-15;18.4;Y
2000-08-16 00:00:01;2000-08-17 00:00:00;2000-08-16;16.6;Y
2000-08-17 00:00:01;2000-08-18 00:00:00;2000-08-17;16.6;Y
2000-08-18 00:00:01;2000-08-19 00:00:00;2000-08-18;17.1;Y
2000-08-19 00:00:01;2000-08-20 00:00:00;2000-08-19;17.3;Y
2000-08-20 00:00:01;2000-08-21 00:00:00;2000-08-20;18.2;Y
2000-08-21 00:00:01;2000-08-22 00:00:00;2000-08-21;16.1;Y
2000-08-22 00:00:01;2000-08-23 00:00:00;2000-08-22;16.2;Y
2000-08-23 00:00:01;2000-08-24 00:00:00;2000-08-23;15.6;Y
2000-08-24 00:00:01;2000-08-25 00:00:00;2000-08-24;13.5;Y
2000-08-25 00:00:01;2000-08-26 00:00:00;2000-08-25;13.6;Y
2000-08-26 00:00:01;2000-08-27 00:00:00;2000-08-26;14.7;Y
2000-08-27 00:00:01;2000-08-28 00:00:00;2000-08-27;17.7;Y
2000-08-28 00:00:01;2000-08-29 00:00:00;2000-08-28;17.0;Y
2000-08-29 00:00:01;2000-08-30 00:00:00;2000-08-29;16.9;Y
2000-08-30 00:00:01;2000-08-31 00:00:00;2000-08-30;15.2;Y
2000-08-31 00:00:01;2000-09-01 00:00:00;2000-08-31;15.6;Y
2000-09-01 00:00:01;2000-09-02 00:00:00;2000-09-01;14.1;Y
2000-09-02 00:00:01;2000-09-03 00:00:00;2000-09-02;13.4;Y
2000-09-03 00:00:01;2000-09-04 00:00:00;2000-09-03;13.1;Y
2000-09-04 00:00:01;2000-09-05 00:00:00;2000-09-04;11.0;Y
2000-09-05 00:00:01;2000-09-06 00:00:00;2000-09-05;10.5;Y
2000-09-06 00:00:01;2000-09-07 00:00:00;2000-09-06;13.9;Y
2000-09-07 00:00:01;2000-09-08 00:00:00;2000-09-07;15.7;Y
2000-09-08 00:00:01;2000-09-09 00:00:00;2000-09-08;15.6;Y
2000-09-09 00:00:01;2000-09-10 00:00:00;2000-09-09;16.0;Y
2000-09-10 00:00:01;2000-09-11 00:00:00;2000-09-10;15.5;Y
2000-09-11 00:00:01;2000-09-12 00:00:00;2000-09-11;12.4;Y
2000-09-12 00:00:01;2000-09-13 00:00:00;2000-09-12;8.3;Y
2000-09-13 00:00:01;2000-09-14 00:00:00;2000-09-13;10.4;Y
2000-09-14 00:00:01;2000-09-15 00:00:00;2000-09-14;12.4;Y
2000-09-15 00:00:01;2000-09-16 00:00:00;2000-09-15;13.1;Y
2000-09-16 00:00:01;2000-09-17 00:00:00;2000-09-16;13.2;Y
2000-09-17 00:00:01;2000-09-18 00:00:00;2000-09-17;12.9;Y
2000-09-18 00:00:01;2000-09-19 00:00:00;2000-09-18;11.8;Y
2000-09-19 00:00:01;2000-09-20 00:00:00;2000-09-19;11.2;Y
2000-09-20 00:00:01;2000-09-21 00:00:00;2000-09-20;12.1;Y
2000-09-21 00:00:01;2000-09-22 00:00:00;2000-09-21;11.8;Y
2000-09-22 00:00:01;2000-09-23 00:00:00;2000-09-22;12.1;Y
2000-09-23 00:00:01;2000-09-24 00:00:00;2000-09-23;11.3;Y
2000-09-24 00:00:01;2000-09-25 00:00:00;2000-09-24;11.1;Y
2000-09-25 00:00:01;2000-09-26 00:00:00;2000-09-25;10.2;Y
2000-09-26 00:00:01;2000-09-27 00:00:00;2000-09-26;11.5;Y
2000-09-27 00:00:01;2000-09-28 00:00:00;2000-09-27;14.0;Y
2000-09-28 00:00:01;2000-09-29 00:00:00;2000-09-28;14.2;Y
2000-09-29 00:00:01;2000-09-30 00:00:00;2000-09-29;18.1;Y
2000-09-30 00:00:01;2000-10-01 00:00:00;2000-09-30;14.7;Y
2000-10-01 00:00:01;2000-10-02 00:00:00;2000-10-01;12.8;Y
2000-10-02 00:00:01;2000-10-03 00:00:00;2000-10-02;14.0;Y
2000-10-03 00:00:01;2000-10-04 00:00:00;2000-10-03;13.6;Y
2000-10-04 00:00:01;2000-10-05 00:00:00;2000-10-04;14.0;Y
2000-10-05 00:00:01;2000-10-06 00:00:00;2000-10-05;13.5;Y
2000-10-06 00:00:01;2000-10-07 00:00:00;2000-10-06;12.7;Y
2000-10-07 00:00:01;2000-10-08 00:00:00;2000-10-07;11.1;Y
2000-10-08 00:00:01;2000-10-09 00:00:00;2000-10-08;10.4;Y
2000-10-09 00:00:01;2000-10-10 00:00:00;2000-10-09;9.9;Y
2000-10-10 00:00:01;2000-10-11 00:00:00;2000-10-10;10.3;Y
2000-10-11 00:00:01;2000-10-12 00:00:00;2000-10-11;10.8;Y
2000-10-12 00:00:01;2000-10-13 00:00:00;2000-10-12;12.7;Y
2000-10-13 00:00:01;2000-10-14 00:00:00;2000-10-13;11.0;Y
2000-10-14 00:00:01;2000-10-15 00:00:00;2000-10-14;11.7;Y
2000-10-15 00:00:01;2000-10-16 00:00:00;2000-10-15;11.0;Y
2000-10-16 00:00:01;2000-10-17 00:00:00;2000-10-16;13.8;Y
2000-10-17 00:00:01;2000-10-18 00:00:00;2000-10-17;12.3;Y
2000-10-18 00:00:01;2000-10-19 00:00:00;2000-10-18;10.8;Y
2000-10-19 00:00:01;2000-10-20 00:00:00;2000-10-19;10.1;Y
2000-10-20 00:00:01;2000-10-21 00:00:00;2000-10-20;11.3;Y
2000-10-21 00:00:01;2000-10-22 00:00:00;2000-10-21;12.1;Y
2000-10-22 00:00:01;2000-10-23 00:00:00;2000-10-22;10.9;Y
2000-10-23 00:00:01;2000-10-24 00:00:00;2000-10-23;12.0;Y
2000-10-24 00:00:01;2000-10-25 00:00:00;2000-10-24;10.8;Y
2000-10-25 00:00:01;2000-10-26 00:00:00;2000-10-25;10.3;Y
2000-10-26 00:00:01;2000-10-27 00:00:00;2000-10-26;11.3;Y
2000-10-27 00:00:01;2000-10-28 00:00:00;2000-10-27;7.6;Y
2000-10-28 00:00:01;2000-10-29 00:00:00;2000-10-28;9.1;Y
2000-10-29 00:00:01;2000-10-30 00:00:00;2000-10-29;11.1;Y
2000-10-30 00:00:01;2000-10-31 00:00:00;2000-10-30;10.1;Y
2000-10-31 00:00:01;2000-11-01 00:00:00;2000-10-31;10.3;Y
2000-11-01 00:00:01;2000-11-02 00:00:00;2000-11-01;10.4;Y
2000-11-02 00:00:01;2000-11-03 00:00:00;2000-11-02;8.8;Y
2000-11-03 00:00:01;2000-11-04 00:00:00;2000-11-03;9.9;Y
2000-11-04 00:00:01;2000-11-05 00:00:00;2000-11-04;9.0;Y
2000-11-05 00:00:01;2000-11-06 00:00:00;2000-11-05;7.3;Y
2000-11-06 00:00:01;2000-11-07 00:00:00;2000-11-06;6.4;Y
2000-11-07 00:00:01;2000-11-08 00:00:00;2000-11-07;9.4;Y
2000-11-08 00:00:01;2000-11-09 00:00:00;2000-11-08;9.0;Y
2000-11-09 00:00:01;2000-11-10 00:00:00;2000-11-09;8.9;Y
2000-11-10 00:00:01;2000-11-11 00:00:00;2000-11-10;9.3;Y
2000-11-11 00:00:01;2000-11-12 00:00:00;2000-11-11;8.6;Y
2000-11-12 00:00:01;2000-11-13 00:00:00;2000-11-12;8.2;Y
2000-11-13 00:00:01;2000-11-14 00:00:00;2000-11-13;8.4;Y
2000-11-14 00:00:01;2000-11-15 00:00:00;2000-11-14;8.6;Y
2000-11-15 00:00:01;2000-11-16 00:00:00;2000-11-15;5.6;Y
2000-11-16 00:00:01;2000-11-17 00:00:00;2000-11-16;6.9;Y
2000-11-17 00:00:01;2000-11-18 00:00:00;2000-11-17;7.7;Y
2000-11-18 00:00:01;2000-11-19 00:00:00;2000-11-18;6.1;Y
2000-11-19 00:00:01;2000-11-20 00:00:00;2000-11-19;6.9;Y
2000-11-20 00:00:01;2000-11-21 00:00:00;2000-11-20;7.0;Y
2000-11-21 00:00:01;2000-11-22 00:00:00;2000-11-21;5.5;Y
2000-11-22 00:00:01;2000-11-23 00:00:00;2000-11-22;7.1;Y
2000-11-23 00:00:01;2000-11-24 00:00:00;2000-11-23;7.5;Y
2000-11-24 00:00:01;2000-11-25 00:00:00;2000-11-24;7.9;Y
2000-11-25 00:00:01;2000-11-26 00:00:00;2000-11-25;6.6;Y
2000-11-26 00:00:01;2000-11-27 00:00:00;2000-11-26;6.8;Y
2000-11-27 00:00:01;2000-11-28 00:00:00;2000-11-27;7.0;Y
2000-11-28 00:00:01;2000-11-29 00:00:00;2000-11-28;7.0;Y
2000-11-29 00:00:01;2000-11-30 00:00:00;2000-11-29;9.0;Y
2000-11-30 00:00:01;2000-12-01 00:00:00;2000-11-30;8.4;Y
2000-12-01 00:00:01;2000-12-02 00:00:00;2000-12-01;6.9;Y
2000-12-02 00:00:01;2000-12-03 00:00:00;2000-12-02;7.0;Y
2000-12-03 00:00:01;2000-12-04 00:00:00;2000-12-03;7.6;Y
2000-12-04 00:00:01;2000-12-05 00:00:00;2000-12-04;7.2;Y
2000-12-05 00:00:01;2000-12-06 00:00:00;2000-12-05;7.8;Y
2000-12-06 00:00:01;2000-12-07 00:00:00;2000-12-06;7.5;Y
2000-12-07 00:00:01;2000-12-08 00:00:00;2000-12-07;7.0;Y
2000-12-08 00:00:01;2000-12-09 00:00:00;2000-12-08;7.7;Y
2000-12-09 00:00:01;2000-12-10 00:00:00;2000-12-09;8.2;Y
2000-12-10 00:00:01;2000-12-11 00:00:00;2000-12-10;8.0;Y
2000-12-11 00:00:01;2000-12-12 00:00:00;2000-12-11;8.2;Y
2000-12-12 00:00:01;2000-12-13 00:00:00;2000-12-12;7.9;Y
2000-12-13 00:00:01;2000-12-14 00:00:00;2000-12-13;8.6;Y
2000-12-14 00:00:01;2000-12-15 00:00:00;2000-12-14;7.3;Y
2000-12-15 00:00:01;2000-12-16 00:00:00;2000-12-15;7.1;Y
2000-12-16 00:00:01;2000-12-17 00:00:00;2000-12-16;5.3;Y
2000-12-17 00:00:01;2000-12-18 00:00:00;2000-12-17;1.2;Y
2000-12-18 00:00:01;2000-12-19 00:00:00;2000-12-18;0.7;Y
2000-12-19 00:00:01;2000-12-20 00:00:00;2000-12-19;-0.8;Y
2000-12-20 00:00:01;2000-12-21 00:00:00;2000-12-20;-1.7;Y
2000-12-21 00:00:01;2000-12-22 00:00:00;2000-12-21;-2.6;Y
2000-12-22 00:00:01;2000-12-23 00:00:00;2000-12-22;0.4;Y
2000-12-23 00:00:01;2000-12-24 00:00:00;2000-12-23;-0.7;Y
2000-12-24 00:00:01;2000-12-25 00:00:00;2000-12-24;-2.2;Y
2000-12-25 00:00:01;2000-12-26 00:00:00;2000-12-25;-5.0;Y
2000-12-26 00:00:01;2000-12-27 00:00:00;2000-12-26;-7.8;Y
2000-12-27 00:00:01;2000-12-28 00:00:00;2000-12-27;-1.7;Y
2000-12-28 00:00:01;2000-12-29 00:00:00;2000-12-28;0.9;Y
2000-12-29 00:00:01;2000-12-30 00:00:00;2000-12-29;2.3;Y
2000-12-30 00:00:01;2000-12-31 00:00:00;2000-12-30;1.7;Y
2000-12-31 00:00:01;2001-01-01 00:00:00;2000-12-31;-1.4;Y
2001-01-01 00:00:01;2001-01-02 00:00:00;2001-01-01;-2.2;Y
2001-01-02 00:00:01;2001-01-03 00:00:00;2001-01-02;2.5;Y
2001-01-03 00:00:01;2001-01-04 00:00:00;2001-01-03;4.3;Y
2001-01-04 00:00:01;2001-01-05 00:00:00;2001-01-04;3.8;Y
2001-01-05 00:00:01;2001-01-06 00:00:00;2001-01-05;4.5;Y
2001-01-06 00:00:01;2001-01-07 00:00:00;2001-01-06;5.0;Y
2001-01-07 00:00:01;2001-01-08 00:00:00;2001-01-07;5.3;Y
2001-01-08 00:00:01;2001-01-09 00:00:00;2001-01-08;5.1;Y
2001-01-09 00:00:01;2001-01-10 00:00:00;2001-01-09;3.3;Y
2001-01-10 00:00:01;2001-01-11 00:00:00;2001-01-10;-2.1;Y
2001-01-11 00:00:01;2001-01-12 00:00:00;2001-01-11;-0.4;Y
2001-01-12 00:00:01;2001-01-13 00:00:00;2001-01-12;-2.7;Y
2001-01-13 00:00:01;2001-01-14 00:00:00;2001-01-13;-1.9;Y
2001-01-14 00:00:01;2001-01-15 00:00:00;2001-01-14;-1.7;Y
2001-01-15 00:00:01;2001-01-16 00:00:00;2001-01-15;1.0;Y
2001-01-16 00:00:01;2001-01-17 00:00:00;2001-01-16;0.0;Y
2001-01-17 00:00:01;2001-01-18 00:00:00;2001-01-17;-0.1;Y
2001-01-18 00:00:01;2001-01-19 00:00:00;2001-01-18;0.3;Y
2001-01-19 00:00:01;2001-01-20 00:00:00;2001-01-19;-0.4;Y
2001-01-20 00:00:01;2001-01-21 00:00:00;2001-01-20;-0.1;Y
2001-01-21 00:00:01;2001-01-22 00:00:00;2001-01-21;0.7;Y
2001-01-22 00:00:01;2001-01-23 00:00:00;2001-01-22;0.1;Y
2001-01-23 00:00:01;2001-01-24 00:00:00;2001-01-23;0.6;Y
2001-01-24 00:00:01;2001-01-25 00:00:00;2001-01-24;3.8;Y
2001-01-25 00:00:01;2001-01-26 00:00:00;2001-01-25;3.7;Y
2001-01-26 00:00:01;2001-01-27 00:00:00;2001-01-26;3.3;Y
2001-01-27 00:00:01;2001-01-28 00:00:00;2001-01-27;3.2;Y
2001-01-28 00:00:01;2001-01-29 00:00:00;2001-01-28;1.8;Y
2001-01-29 00:00:01;2001-01-30 00:00:00;2001-01-29;0.5;Y
2001-01-30 00:00:01;2001-01-31 00:00:00;2001-01-30;2.1;Y
2001-01-31 00:00:01;2001-02-01 00:00:00;2001-01-31;2.3;Y
2001-02-01 00:00:01;2001-02-02 00:00:00;2001-02-01;-1.6;Y
2001-02-02 00:00:01;2001-02-03 00:00:00;2001-02-02;-8.2;Y
2001-02-03 00:00:01;2001-02-04 00:00:00;2001-02-03;-11.5;Y
2001-02-04 00:00:01;2001-02-05 00:00:00;2001-02-04;-10.5;Y
2001-02-05 00:00:01;2001-02-06 00:00:00;2001-02-05;-8.6;Y
2001-02-06 00:00:01;2001-02-07 00:00:00;2001-02-06;0.2;Y
2001-02-07 00:00:01;2001-02-08 00:00:00;2001-02-07;3.3;Y
2001-02-08 00:00:01;2001-02-09 00:00:00;2001-02-08;3.2;Y
2001-02-09 00:00:01;2001-02-10 00:00:00;2001-02-09;-1.2;Y
2001-02-10 00:00:01;2001-02-11 00:00:00;2001-02-10;-3.6;Y
2001-02-11 00:00:01;2001-02-12 00:00:00;2001-02-11;1.9;Y
2001-02-12 00:00:01;2001-02-13 00:00:00;2001-02-12;3.7;Y
2001-02-13 00:00:01;2001-02-14 00:00:00;2001-02-13;2.2;Y
2001-02-14 00:00:01;2001-02-15 00:00:00;2001-02-14;2.6;Y
2001-02-15 00:00:01;2001-02-16 00:00:00;2001-02-15;2.1;Y
2001-02-16 00:00:01;2001-02-17 00:00:00;2001-02-16;3.4;Y
2001-02-17 00:00:01;2001-02-18 00:00:00;2001-02-17;-0.3;Y
2001-02-18 00:00:01;2001-02-19 00:00:00;2001-02-18;3.7;Y
2001-02-19 00:00:01;2001-02-20 00:00:00;2001-02-19;1.5;Y
2001-02-20 00:00:01;2001-02-21 00:00:00;2001-02-20;2.3;Y
2001-02-21 00:00:01;2001-02-22 00:00:00;2001-02-21;4.0;Y
2001-02-22 00:00:01;2001-02-23 00:00:00;2001-02-22;0.7;Y
2001-02-23 00:00:01;2001-02-24 00:00:00;2001-02-23;-5.7;Y
2001-02-24 00:00:01;2001-02-25 00:00:00;2001-02-24;-5.5;Y
2001-02-25 00:00:01;2001-02-26 00:00:00;2001-02-25;-0.7;Y
2001-02-26 00:00:01;2001-02-27 00:00:00;2001-02-26;-3.7;Y
2001-02-27 00:00:01;2001-02-28 00:00:00;2001-02-27;-1.2;Y
2001-02-28 00:00:01;2001-03-01 00:00:00;2001-02-28;-1.7;Y
2001-03-01 00:00:01;2001-03-02 00:00:00;2001-03-01;-2.6;Y
2001-03-02 00:00:01;2001-03-03 00:00:00;2001-03-02;-3.8;Y
2001-03-03 00:00:01;2001-03-04 00:00:00;2001-03-03;-5.5;Y
2001-03-04 00:00:01;2001-03-05 00:00:00;2001-03-04;-7.0;Y
2001-03-05 00:00:01;2001-03-06 00:00:00;2001-03-05;-4.8;Y
2001-03-06 00:00:01;2001-03-07 00:00:00;2001-03-06;1.0;Y
2001-03-07 00:00:01;2001-03-08 00:00:00;2001-03-07;0.6;Y
2001-03-08 00:00:01;2001-03-09 00:00:00;2001-03-08;4.3;Y
2001-03-09 00:00:01;2001-03-10 00:00:00;2001-03-09;4.0;Y
2001-03-10 00:00:01;2001-03-11 00:00:00;2001-03-10;3.6;Y
2001-03-11 00:00:01;2001-03-12 00:00:00;2001-03-11;5.0;Y
2001-03-12 00:00:01;2001-03-13 00:00:00;2001-03-12;6.3;Y
2001-03-13 00:00:01;2001-03-14 00:00:00;2001-03-13;3.2;Y
2001-03-14 00:00:01;2001-03-15 00:00:00;2001-03-14;4.1;Y
2001-03-15 00:00:01;2001-03-16 00:00:00;2001-03-15;3.4;Y
2001-03-16 00:00:01;2001-03-17 00:00:00;2001-03-16;2.8;Y
2001-03-17 00:00:01;2001-03-18 00:00:00;2001-03-17;1.6;Y
2001-03-18 00:00:01;2001-03-19 00:00:00;2001-03-18;-1.9;Y
2001-03-19 00:00:01;2001-03-20 00:00:00;2001-03-19;-2.8;Y
2001-03-20 00:00:01;2001-03-21 00:00:00;2001-03-20;-2.1;Y
2001-03-21 00:00:01;2001-03-22 00:00:00;2001-03-21;-2.6;Y
2001-03-22 00:00:01;2001-03-23 00:00:00;2001-03-22;0.5;Y
2001-03-23 00:00:01;2001-03-24 00:00:00;2001-03-23;-0.4;Y
2001-03-24 00:00:01;2001-03-25 00:00:00;2001-03-24;2.0;Y
2001-04-01 00:00:01;2001-04-02 00:00:00;2001-04-01;1.8;Y
2001-04-09 00:00:01;2001-04-10 00:00:00;2001-04-09;5.5;Y
2001-04-10 00:00:01;2001-04-11 00:00:00;2001-04-10;6.2;Y
2001-04-11 00:00:01;2001-04-12 00:00:00;2001-04-11;4.8;Y
2001-04-12 00:00:01;2001-04-13 00:00:00;2001-04-12;3.3;Y
2001-04-13 00:00:01;2001-04-14 00:00:00;2001-04-13;2.3;Y
2001-04-14 00:00:01;2001-04-15 00:00:00;2001-04-14;1.2;Y
2001-04-15 00:00:01;2001-04-16 00:00:00;2001-04-15;2.4;Y
2001-04-16 00:00:01;2001-04-17 00:00:00;2001-04-16;3.7;Y
2001-04-17 00:00:01;2001-04-18 00:00:00;2001-04-17;5.6;Y
2001-04-18 00:00:01;2001-04-19 00:00:00;2001-04-18;4.9;Y
2001-04-19 00:00:01;2001-04-20 00:00:00;2001-04-19;2.3;Y
2001-04-20 00:00:01;2001-04-21 00:00:00;2001-04-20;4.4;Y
2001-04-21 00:00:01;2001-04-22 00:00:00;2001-04-21;5.2;Y
2001-04-22 00:00:01;2001-04-23 00:00:00;2001-04-22;7.4;Y
2001-04-23 00:00:01;2001-04-24 00:00:00;2001-04-23;6.9;Y
2001-04-24 00:00:01;2001-04-25 00:00:00;2001-04-24;7.5;Y
2001-04-25 00:00:01;2001-04-26 00:00:00;2001-04-25;9.0;Y
2001-04-26 00:00:01;2001-04-27 00:00:00;2001-04-26;9.0;Y
2001-04-27 00:00:01;2001-04-28 00:00:00;2001-04-27;8.0;Y
2001-04-28 00:00:01;2001-04-29 00:00:00;2001-04-28;7.1;Y
2001-04-29 00:00:01;2001-04-30 00:00:00;2001-04-29;8.5;Y
2001-04-30 00:00:01;2001-05-01 00:00:00;2001-04-30;11.7;Y
2001-05-01 00:00:01;2001-05-02 00:00:00;2001-05-01;10.0;Y
2001-05-02 00:00:01;2001-05-03 00:00:00;2001-05-02;9.4;Y
2001-05-03 00:00:01;2001-05-04 00:00:00;2001-05-03;10.8;Y
2001-05-04 00:00:01;2001-05-05 00:00:00;2001-05-04;9.8;Y
2001-05-05 00:00:01;2001-05-06 00:00:00;2001-05-05;8.8;Y
2001-05-06 00:00:01;2001-05-07 00:00:00;2001-05-06;9.7;Y
2001-05-07 00:00:01;2001-05-08 00:00:00;2001-05-07;9.9;Y
2001-05-08 00:00:01;2001-05-09 00:00:00;2001-05-08;12.2;Y
2001-05-09 00:00:01;2001-05-10 00:00:00;2001-05-09;12.9;Y
2001-05-10 00:00:01;2001-05-11 00:00:00;2001-05-10;15.2;Y
2001-05-11 00:00:01;2001-05-12 00:00:00;2001-05-11;15.0;Y
2001-05-12 00:00:01;2001-05-13 00:00:00;2001-05-12;13.7;Y
2001-05-13 00:00:01;2001-05-14 00:00:00;2001-05-13;12.0;Y
2001-05-14 00:00:01;2001-05-15 00:00:00;2001-05-14;11.1;Y
2001-05-15 00:00:01;2001-05-16 00:00:00;2001-05-15;13.3;Y
2001-05-16 00:00:01;2001-05-17 00:00:00;2001-05-16;14.3;Y
2001-05-17 00:00:01;2001-05-18 00:00:00;2001-05-17;14.1;Y
2001-05-18 00:00:01;2001-05-19 00:00:00;2001-05-18;10.7;Y
2001-05-19 00:00:01;2001-05-20 00:00:00;2001-05-19;10.9;Y
2001-05-20 00:00:01;2001-05-21 00:00:00;2001-05-20;11.2;Y
2001-05-21 00:00:01;2001-05-22 00:00:00;2001-05-21;10.3;Y
2001-05-22 00:00:01;2001-05-23 00:00:00;2001-05-22;9.4;Y
2001-05-23 00:00:01;2001-05-24 00:00:00;2001-05-23;12.9;Y
2001-05-24 00:00:01;2001-05-25 00:00:00;2001-05-24;13.1;Y
2001-05-25 00:00:01;2001-05-26 00:00:00;2001-05-25;11.5;Y
2001-05-26 00:00:01;2001-05-27 00:00:00;2001-05-26;10.8;Y
2001-05-27 00:00:01;2001-05-28 00:00:00;2001-05-27;14.2;Y
2001-05-28 00:00:01;2001-05-29 00:00:00;2001-05-28;14.5;Y
2001-05-29 00:00:01;2001-05-30 00:00:00;2001-05-29;12.7;Y
2001-05-30 00:00:01;2001-05-31 00:00:00;2001-05-30;10.5;Y
2001-05-31 00:00:01;2001-06-01 00:00:00;2001-05-31;12.8;Y
2001-06-01 00:00:01;2001-06-02 00:00:00;2001-06-01;12.0;Y
2001-06-02 00:00:01;2001-06-03 00:00:00;2001-06-02;11.4;Y
2001-06-03 00:00:01;2001-06-04 00:00:00;2001-06-03;12.4;Y
2001-06-04 00:00:01;2001-06-05 00:00:00;2001-06-04;12.6;Y
2001-06-05 00:00:01;2001-06-06 00:00:00;2001-06-05;12.1;Y
2001-06-06 00:00:01;2001-06-07 00:00:00;2001-06-06;13.3;Y
2001-06-07 00:00:01;2001-06-08 00:00:00;2001-06-07;13.1;Y
2001-06-08 00:00:01;2001-06-09 00:00:00;2001-06-08;11.2;Y
2001-06-09 00:00:01;2001-06-10 00:00:00;2001-06-09;11.2;Y
2001-06-10 00:00:01;2001-06-11 00:00:00;2001-06-10;11.0;Y
2001-06-11 00:00:01;2001-06-12 00:00:00;2001-06-11;12.5;Y
2001-06-12 00:00:01;2001-06-13 00:00:00;2001-06-12;13.1;Y
2001-06-13 00:00:01;2001-06-14 00:00:00;2001-06-13;12.0;Y
2001-06-14 00:00:01;2001-06-15 00:00:00;2001-06-14;12.3;Y
2001-06-15 00:00:01;2001-06-16 00:00:00;2001-06-15;12.3;Y
2001-06-16 00:00:01;2001-06-17 00:00:00;2001-06-16;11.6;Y
2001-06-17 00:00:01;2001-06-18 00:00:00;2001-06-17;12.8;Y
2001-06-18 00:00:01;2001-06-19 00:00:00;2001-06-18;13.5;Y
2001-06-19 00:00:01;2001-06-20 00:00:00;2001-06-19;16.1;Y
2001-06-20 00:00:01;2001-06-21 00:00:00;2001-06-20;13.9;Y
2001-06-21 00:00:01;2001-06-22 00:00:00;2001-06-21;14.3;Y
2001-06-22 00:00:01;2001-06-23 00:00:00;2001-06-22;12.9;Y
2001-06-23 00:00:01;2001-06-24 00:00:00;2001-06-23;16.6;Y
2001-06-24 00:00:01;2001-06-25 00:00:00;2001-06-24;16.2;Y
2001-06-25 00:00:01;2001-06-26 00:00:00;2001-06-25;15.0;Y
2001-06-26 00:00:01;2001-06-27 00:00:00;2001-06-26;15.8;Y
2001-06-27 00:00:01;2001-06-28 00:00:00;2001-06-27;17.5;Y
2001-06-28 00:00:01;2001-06-29 00:00:00;2001-06-28;18.5;Y
2001-06-29 00:00:01;2001-06-30 00:00:00;2001-06-29;17.9;Y
2001-06-30 00:00:01;2001-07-01 00:00:00;2001-06-30;18.5;Y
2001-07-01 00:00:01;2001-07-02 00:00:00;2001-07-01;17.4;Y
2001-07-02 00:00:01;2001-07-03 00:00:00;2001-07-02;17.8;Y
2001-07-03 00:00:01;2001-07-04 00:00:00;2001-07-03;17.0;Y
2001-07-04 00:00:01;2001-07-05 00:00:00;2001-07-04;19.3;Y
2001-07-05 00:00:01;2001-07-06 00:00:00;2001-07-05;20.1;Y
2001-07-06 00:00:01;2001-07-07 00:00:00;2001-07-06;21.3;Y
2001-07-07 00:00:01;2001-07-08 00:00:00;2001-07-07;23.4;Y
2001-07-08 00:00:01;2001-07-09 00:00:00;2001-07-08;25.4;Y
2001-07-09 00:00:01;2001-07-10 00:00:00;2001-07-09;22.1;Y
2001-07-10 00:00:01;2001-07-11 00:00:00;2001-07-10;19.5;Y
2001-07-11 00:00:01;2001-07-12 00:00:00;2001-07-11;18.2;Y
2001-07-12 00:00:01;2001-07-13 00:00:00;2001-07-12;16.5;Y
2001-07-13 00:00:01;2001-07-14 00:00:00;2001-07-13;15.3;Y
2001-07-14 00:00:01;2001-07-15 00:00:00;2001-07-14;17.4;Y
2001-07-15 00:00:01;2001-07-16 00:00:00;2001-07-15;17.6;Y
2001-07-16 00:00:01;2001-07-17 00:00:00;2001-07-16;13.4;Y
2001-07-17 00:00:01;2001-07-18 00:00:00;2001-07-17;14.9;Y
2001-07-18 00:00:01;2001-07-19 00:00:00;2001-07-18;16.7;Y
2001-07-19 00:00:01;2001-07-20 00:00:00;2001-07-19;17.8;Y
2001-07-20 00:00:01;2001-07-21 00:00:00;2001-07-20;19.0;Y
2001-07-21 00:00:01;2001-07-22 00:00:00;2001-07-21;17.4;Y
2001-07-22 00:00:01;2001-07-23 00:00:00;2001-07-22;18.3;Y
2001-07-23 00:00:01;2001-07-24 00:00:00;2001-07-23;18.6;Y
2001-07-24 00:00:01;2001-07-25 00:00:00;2001-07-24;18.6;Y
2001-07-25 00:00:01;2001-07-26 00:00:00;2001-07-25;19.9;Y
2001-07-26 00:00:01;2001-07-27 00:00:00;2001-07-26;20.9;Y
2001-07-27 00:00:01;2001-07-28 00:00:00;2001-07-27;20.0;Y
2001-07-28 00:00:01;2001-07-29 00:00:00;2001-07-28;18.7;Y
2001-07-29 00:00:01;2001-07-30 00:00:00;2001-07-29;19.8;Y
2001-07-30 00:00:01;2001-07-31 00:00:00;2001-07-30;18.9;Y
2001-07-31 00:00:01;2001-08-01 00:00:00;2001-07-31;18.2;Y
2001-08-01 00:00:01;2001-08-02 00:00:00;2001-08-01;17.4;Y
2001-08-02 00:00:01;2001-08-03 00:00:00;2001-08-02;17.8;Y
2001-08-03 00:00:01;2001-08-04 00:00:00;2001-08-03;17.3;Y
2001-08-04 00:00:01;2001-08-05 00:00:00;2001-08-04;18.9;Y
2001-08-05 00:00:01;2001-08-06 00:00:00;2001-08-05;17.4;Y
2001-08-06 00:00:01;2001-08-07 00:00:00;2001-08-06;16.4;Y
2001-08-07 00:00:01;2001-08-08 00:00:00;2001-08-07;14.7;Y
2001-08-08 00:00:01;2001-08-09 00:00:00;2001-08-08;15.6;Y
2001-08-09 00:00:01;2001-08-10 00:00:00;2001-08-09;16.5;Y
2001-08-10 00:00:01;2001-08-11 00:00:00;2001-08-10;17.0;Y
2001-08-11 00:00:01;2001-08-12 00:00:00;2001-08-11;16.0;Y
2001-08-12 00:00:01;2001-08-13 00:00:00;2001-08-12;16.7;Y
2001-08-13 00:00:01;2001-08-14 00:00:00;2001-08-13;17.7;Y
2001-08-14 00:00:01;2001-08-15 00:00:00;2001-08-14;18.6;Y
2001-08-15 00:00:01;2001-08-16 00:00:00;2001-08-15;21.7;Y
2001-08-16 00:00:01;2001-08-17 00:00:00;2001-08-16;22.8;Y
2001-08-17 00:00:01;2001-08-18 00:00:00;2001-08-17;19.7;Y
2001-08-18 00:00:01;2001-08-19 00:00:00;2001-08-18;16.6;Y
2001-08-19 00:00:01;2001-08-20 00:00:00;2001-08-19;18.4;Y
2001-08-20 00:00:01;2001-08-21 00:00:00;2001-08-20;18.3;Y
2001-08-21 00:00:01;2001-08-22 00:00:00;2001-08-21;17.7;Y
2001-08-22 00:00:01;2001-08-23 00:00:00;2001-08-22;16.8;Y
2001-08-23 00:00:01;2001-08-24 00:00:00;2001-08-23;17.2;Y
2001-08-24 00:00:01;2001-08-25 00:00:00;2001-08-24;17.8;Y
2001-08-25 00:00:01;2001-08-26 00:00:00;2001-08-25;18.8;Y
2001-08-26 00:00:01;2001-08-27 00:00:00;2001-08-26;18.8;Y
2001-08-27 00:00:01;2001-08-28 00:00:00;2001-08-27;16.1;Y
2001-08-28 00:00:01;2001-08-29 00:00:00;2001-08-28;13.1;Y
2001-08-29 00:00:01;2001-08-30 00:00:00;2001-08-29;14.8;Y
2001-08-30 00:00:01;2001-08-31 00:00:00;2001-08-30;15.0;Y
2001-08-31 00:00:01;2001-09-01 00:00:00;2001-08-31;16.3;Y
2001-09-01 00:00:01;2001-09-02 00:00:00;2001-09-01;16.4;Y
2001-09-02 00:00:01;2001-09-03 00:00:00;2001-09-02;15.5;Y
2001-09-03 00:00:01;2001-09-04 00:00:00;2001-09-03;16.4;Y
2001-09-04 00:00:01;2001-09-05 00:00:00;2001-09-04;14.2;Y
2001-09-05 00:00:01;2001-09-06 00:00:00;2001-09-05;15.4;Y
2001-09-06 00:00:01;2001-09-07 00:00:00;2001-09-06;14.6;Y
2001-09-07 00:00:01;2001-09-08 00:00:00;2001-09-07;14.2;Y
2001-09-08 00:00:01;2001-09-09 00:00:00;2001-09-08;11.8;Y
2001-09-09 00:00:01;2001-09-10 00:00:00;2001-09-09;13.2;Y
2001-09-10 00:00:01;2001-09-11 00:00:00;2001-09-10;11.9;Y
2001-09-11 00:00:01;2001-09-12 00:00:00;2001-09-11;12.0;Y
2001-09-12 00:00:01;2001-09-13 00:00:00;2001-09-12;13.6;Y
2001-09-13 00:00:01;2001-09-14 00:00:00;2001-09-13;11.6;Y
2001-09-14 00:00:01;2001-09-15 00:00:00;2001-09-14;12.4;Y
2001-09-15 00:00:01;2001-09-16 00:00:00;2001-09-15;14.7;Y
2001-09-16 00:00:01;2001-09-17 00:00:00;2001-09-16;13.7;Y
2001-09-17 00:00:01;2001-09-18 00:00:00;2001-09-17;15.2;Y
2001-09-18 00:00:01;2001-09-19 00:00:00;2001-09-18;14.4;Y
2001-09-19 00:00:01;2001-09-20 00:00:00;2001-09-19;13.7;Y
2001-09-20 00:00:01;2001-09-21 00:00:00;2001-09-20;12.9;Y
2001-09-21 00:00:01;2001-09-22 00:00:00;2001-09-21;13.8;Y
2001-09-22 00:00:01;2001-09-23 00:00:00;2001-09-22;13.4;Y
2001-09-23 00:00:01;2001-09-24 00:00:00;2001-09-23;13.8;Y
2001-09-24 00:00:01;2001-09-25 00:00:00;2001-09-24;10.7;Y
2001-09-25 00:00:01;2001-09-26 00:00:00;2001-09-25;10.1;Y
2001-09-26 00:00:01;2001-09-27 00:00:00;2001-09-26;9.4;Y
2001-09-27 00:00:01;2001-09-28 00:00:00;2001-09-27;9.5;Y
2001-09-28 00:00:01;2001-09-29 00:00:00;2001-09-28;10.6;Y
2001-09-29 00:00:01;2001-09-30 00:00:00;2001-09-29;9.6;Y
2001-09-30 00:00:01;2001-10-01 00:00:00;2001-09-30;10.4;Y
2001-10-01 00:00:01;2001-10-02 00:00:00;2001-10-01;13.2;Y
2001-10-02 00:00:01;2001-10-03 00:00:00;2001-10-02;14.5;Y
2001-10-03 00:00:01;2001-10-04 00:00:00;2001-10-03;14.5;Y
2001-10-04 00:00:01;2001-10-05 00:00:00;2001-10-04;13.1;Y
2001-10-05 00:00:01;2001-10-06 00:00:00;2001-10-05;12.7;Y
2001-10-06 00:00:01;2001-10-07 00:00:00;2001-10-06;13.1;Y
2001-10-07 00:00:01;2001-10-08 00:00:00;2001-10-07;13.6;Y
2001-10-08 00:00:01;2001-10-09 00:00:00;2001-10-08;13.9;Y
2001-10-09 00:00:01;2001-10-10 00:00:00;2001-10-09;13.3;Y
2001-10-10 00:00:01;2001-10-11 00:00:00;2001-10-10;13.3;Y
2001-10-11 00:00:01;2001-10-12 00:00:00;2001-10-11;12.3;Y
2001-10-12 00:00:01;2001-10-13 00:00:00;2001-10-12;13.8;Y
2001-10-13 00:00:01;2001-10-14 00:00:00;2001-10-13;13.4;Y
2001-10-14 00:00:01;2001-10-15 00:00:00;2001-10-14;11.9;Y
2001-10-15 00:00:01;2001-10-16 00:00:00;2001-10-15;13.5;Y
2001-10-16 00:00:01;2001-10-17 00:00:00;2001-10-16;13.9;Y
2001-10-17 00:00:01;2001-10-18 00:00:00;2001-10-17;10.5;Y
2001-10-18 00:00:01;2001-10-19 00:00:00;2001-10-18;8.7;Y
2001-10-19 00:00:01;2001-10-20 00:00:00;2001-10-19;10.1;Y
2001-10-20 00:00:01;2001-10-21 00:00:00;2001-10-20;11.1;Y
2001-10-21 00:00:01;2001-10-22 00:00:00;2001-10-21;9.7;Y
2001-10-22 00:00:01;2001-10-23 00:00:00;2001-10-22;8.4;Y
2001-10-23 00:00:01;2001-10-24 00:00:00;2001-10-23;6.2;Y
2001-10-24 00:00:01;2001-10-25 00:00:00;2001-10-24;6.0;Y
2001-10-25 00:00:01;2001-10-26 00:00:00;2001-10-25;8.8;Y
2001-10-26 00:00:01;2001-10-27 00:00:00;2001-10-26;11.5;Y
2001-10-27 00:00:01;2001-10-28 00:00:00;2001-10-27;11.5;Y
2001-10-28 00:00:01;2001-10-29 00:00:00;2001-10-28;10.9;Y
2001-10-29 00:00:01;2001-10-30 00:00:00;2001-10-29;10.7;Y
2001-10-30 00:00:01;2001-10-31 00:00:00;2001-10-30;12.2;Y
2001-10-31 00:00:01;2001-11-01 00:00:00;2001-10-31;11.7;Y
2001-11-01 00:00:01;2001-11-02 00:00:00;2001-11-01;8.6;Y
2001-11-02 00:00:01;2001-11-03 00:00:00;2001-11-02;8.1;Y
2001-11-03 00:00:01;2001-11-04 00:00:00;2001-11-03;10.5;Y
2001-11-04 00:00:01;2001-11-05 00:00:00;2001-11-04;9.6;Y
2001-11-05 00:00:01;2001-11-06 00:00:00;2001-11-05;5.4;Y
2001-11-06 00:00:01;2001-11-07 00:00:00;2001-11-06;8.0;Y
2001-11-07 00:00:01;2001-11-08 00:00:00;2001-11-07;4.2;Y
2001-11-08 00:00:01;2001-11-09 00:00:00;2001-11-08;2.1;Y
2001-11-09 00:00:01;2001-11-10 00:00:00;2001-11-09;-0.0;Y
2001-11-10 00:00:01;2001-11-11 00:00:00;2001-11-10;2.7;Y
2001-11-11 00:00:01;2001-11-12 00:00:00;2001-11-11;8.6;Y
2001-11-12 00:00:01;2001-11-13 00:00:00;2001-11-12;3.1;Y
2001-11-13 00:00:01;2001-11-14 00:00:00;2001-11-13;-1.0;Y
2001-11-14 00:00:01;2001-11-15 00:00:00;2001-11-14;-2.3;Y
2001-11-15 00:00:01;2001-11-16 00:00:00;2001-11-15;5.3;Y
2001-11-16 00:00:01;2001-11-17 00:00:00;2001-11-16;0.8;Y
2001-11-17 00:00:01;2001-11-18 00:00:00;2001-11-17;7.5;Y
2001-11-18 00:00:01;2001-11-19 00:00:00;2001-11-18;6.0;Y
2001-11-19 00:00:01;2001-11-20 00:00:00;2001-11-19;2.8;Y
2001-11-20 00:00:01;2001-11-21 00:00:00;2001-11-20;3.4;Y
2001-11-21 00:00:01;2001-11-22 00:00:00;2001-11-21;8.1;Y
2001-11-22 00:00:01;2001-11-23 00:00:00;2001-11-22;3.0;Y
2001-11-23 00:00:01;2001-11-24 00:00:00;2001-11-23;0.2;Y
2001-11-24 00:00:01;2001-11-25 00:00:00;2001-11-24;-1.1;Y
2001-11-25 00:00:01;2001-11-26 00:00:00;2001-11-25;2.3;Y
2001-11-26 00:00:01;2001-11-27 00:00:00;2001-11-26;2.2;Y
2001-11-27 00:00:01;2001-11-28 00:00:00;2001-11-27;2.1;Y
2001-11-28 00:00:01;2001-11-29 00:00:00;2001-11-28;4.1;Y
2001-11-29 00:00:01;2001-11-30 00:00:00;2001-11-29;3.7;Y
2001-11-30 00:00:01;2001-12-01 00:00:00;2001-11-30;2.6;Y
2001-12-01 00:00:01;2001-12-02 00:00:00;2001-12-01;2.4;Y
2001-12-02 00:00:01;2001-12-03 00:00:00;2001-12-02;3.2;Y
2001-12-03 00:00:01;2001-12-04 00:00:00;2001-12-03;2.3;Y
2001-12-04 00:00:01;2001-12-05 00:00:00;2001-12-04;2.1;Y
2001-12-05 00:00:01;2001-12-06 00:00:00;2001-12-05;3.7;Y
2001-12-06 00:00:01;2001-12-07 00:00:00;2001-12-06;3.2;Y
2001-12-07 00:00:01;2001-12-08 00:00:00;2001-12-07;2.8;Y
2001-12-08 00:00:01;2001-12-09 00:00:00;2001-12-08;3.9;Y
2001-12-09 00:00:01;2001-12-10 00:00:00;2001-12-09;5.1;Y
2001-12-10 00:00:01;2001-12-11 00:00:00;2001-12-10;4.8;Y
2001-12-11 00:00:01;2001-12-12 00:00:00;2001-12-11;-1.2;Y
2001-12-12 00:00:01;2001-12-13 00:00:00;2001-12-12;2.1;Y
2001-12-13 00:00:01;2001-12-14 00:00:00;2001-12-13;1.4;Y
2001-12-14 00:00:01;2001-12-15 00:00:00;2001-12-14;3.3;Y
2001-12-15 00:00:01;2001-12-16 00:00:00;2001-12-15;-1.4;Y
2001-12-16 00:00:01;2001-12-17 00:00:00;2001-12-16;-1.0;Y
2001-12-17 00:00:01;2001-12-18 00:00:00;2001-12-17;-1.2;Y
2001-12-18 00:00:01;2001-12-19 00:00:00;2001-12-18;-2.3;Y
2001-12-19 00:00:01;2001-12-20 00:00:00;2001-12-19;2.6;Y
2001-12-20 00:00:01;2001-12-21 00:00:00;2001-12-20;-3.4;Y
2001-12-21 00:00:01;2001-12-22 00:00:00;2001-12-21;0.5;Y
2001-12-22 00:00:01;2001-12-23 00:00:00;2001-12-22;-8.1;Y
2001-12-23 00:00:01;2001-12-24 00:00:00;2001-12-23;-5.5;Y
2001-12-24 00:00:01;2001-12-25 00:00:00;2001-12-24;0.1;Y
2001-12-25 00:00:01;2001-12-26 00:00:00;2001-12-25;0.2;Y
2001-12-26 00:00:01;2001-12-27 00:00:00;2001-12-26;-4.7;Y
2001-12-27 00:00:01;2001-12-28 00:00:00;2001-12-27;-2.5;Y
2001-12-28 00:00:01;2001-12-29 00:00:00;2001-12-28;-4.3;Y
2001-12-29 00:00:01;2001-12-30 00:00:00;2001-12-29;-1.9;Y
2001-12-30 00:00:01;2001-12-31 00:00:00;2001-12-30;-8.1;Y
2001-12-31 00:00:01;2002-01-01 00:00:00;2001-12-31;-15.6;Y
2002-01-01 00:00:01;2002-01-02 00:00:00;2002-01-01;-0.1;Y
2002-01-02 00:00:01;2002-01-03 00:00:00;2002-01-02;-4.6;Y
2002-01-03 00:00:01;2002-01-04 00:00:00;2002-01-03;-5.1;Y
2002-01-04 00:00:01;2002-01-05 00:00:00;2002-01-04;-0.7;Y
2002-01-05 00:00:01;2002-01-06 00:00:00;2002-01-05;-0.3;Y
2002-01-06 00:00:01;2002-01-07 00:00:00;2002-01-06;2.7;Y
2002-01-07 00:00:01;2002-01-08 00:00:00;2002-01-07;-0.8;Y
2002-01-08 00:00:01;2002-01-09 00:00:00;2002-01-08;3.1;Y
2002-01-09 00:00:01;2002-01-10 00:00:00;2002-01-09;2.8;Y
2002-01-10 00:00:01;2002-01-11 00:00:00;2002-01-10;2.7;Y
2002-01-11 00:00:01;2002-01-12 00:00:00;2002-01-11;1.0;Y
2002-01-12 00:00:01;2002-01-13 00:00:00;2002-01-12;1.2;Y
2002-01-13 00:00:01;2002-01-14 00:00:00;2002-01-13;2.2;Y
2002-01-14 00:00:01;2002-01-15 00:00:00;2002-01-14;0.8;Y
2002-01-15 00:00:01;2002-01-16 00:00:00;2002-01-15;1.2;Y
2002-01-16 00:00:01;2002-01-17 00:00:00;2002-01-16;1.5;Y
2002-01-17 00:00:01;2002-01-18 00:00:00;2002-01-17;2.9;Y
2002-01-18 00:00:01;2002-01-19 00:00:00;2002-01-18;2.9;Y
2002-01-19 00:00:01;2002-01-20 00:00:00;2002-01-19;2.8;Y
2002-01-20 00:00:01;2002-01-21 00:00:00;2002-01-20;3.8;Y
2002-01-21 00:00:01;2002-01-22 00:00:00;2002-01-21;4.9;Y
2002-01-22 00:00:01;2002-01-23 00:00:00;2002-01-22;4.3;Y
2002-01-23 00:00:01;2002-01-24 00:00:00;2002-01-23;4.4;Y
2002-01-24 00:00:01;2002-01-25 00:00:00;2002-01-24;4.8;Y
2002-01-25 00:00:01;2002-01-26 00:00:00;2002-01-25;1.2;Y
2002-01-26 00:00:01;2002-01-27 00:00:00;2002-01-26;0.8;Y
2002-01-27 00:00:01;2002-01-28 00:00:00;2002-01-27;1.9;Y
2002-01-28 00:00:01;2002-01-29 00:00:00;2002-01-28;4.2;Y
2002-01-29 00:00:01;2002-01-30 00:00:00;2002-01-29;3.8;Y
2002-01-30 00:00:01;2002-01-31 00:00:00;2002-01-30;3.7;Y
2002-01-31 00:00:01;2002-02-01 00:00:00;2002-01-31;4.5;Y
2002-02-01 00:00:01;2002-02-02 00:00:00;2002-02-01;5.2;Y
2002-02-02 00:00:01;2002-02-03 00:00:00;2002-02-02;6.7;Y
2002-02-03 00:00:01;2002-02-04 00:00:00;2002-02-03;7.5;Y
2002-02-04 00:00:01;2002-02-05 00:00:00;2002-02-04;6.1;Y
2002-02-05 00:00:01;2002-02-06 00:00:00;2002-02-05;5.8;Y
2002-02-06 00:00:01;2002-02-07 00:00:00;2002-02-06;5.4;Y
2002-02-07 00:00:01;2002-02-08 00:00:00;2002-02-07;4.8;Y
2002-02-08 00:00:01;2002-02-09 00:00:00;2002-02-08;5.2;Y
2002-02-09 00:00:01;2002-02-10 00:00:00;2002-02-09;6.0;Y
2002-02-10 00:00:01;2002-02-11 00:00:00;2002-02-10;5.3;Y
2002-02-11 00:00:01;2002-02-12 00:00:00;2002-02-11;5.3;Y
2002-02-12 00:00:01;2002-02-13 00:00:00;2002-02-12;5.2;Y
2002-02-13 00:00:01;2002-02-14 00:00:00;2002-02-13;1.7;Y
2002-02-14 00:00:01;2002-02-15 00:00:00;2002-02-14;0.8;Y
2002-02-15 00:00:01;2002-02-16 00:00:00;2002-02-15;3.5;Y
2002-02-16 00:00:01;2002-02-17 00:00:00;2002-02-16;3.9;Y
2002-02-17 00:00:01;2002-02-18 00:00:00;2002-02-17;4.3;Y
2002-02-18 00:00:01;2002-02-19 00:00:00;2002-02-18;4.1;Y
2002-02-19 00:00:01;2002-02-20 00:00:00;2002-02-19;2.2;Y
2002-02-20 00:00:01;2002-02-21 00:00:00;2002-02-20;-1.9;Y
2002-02-21 00:00:01;2002-02-22 00:00:00;2002-02-21;-1.9;Y
2002-02-22 00:00:01;2002-02-23 00:00:00;2002-02-22;2.5;Y
2002-02-23 00:00:01;2002-02-24 00:00:00;2002-02-23;2.8;Y
2002-02-24 00:00:01;2002-02-25 00:00:00;2002-02-24;1.9;Y
2002-02-25 00:00:01;2002-02-26 00:00:00;2002-02-25;1.8;Y
2002-02-26 00:00:01;2002-02-27 00:00:00;2002-02-26;3.4;Y
2002-02-27 00:00:01;2002-02-28 00:00:00;2002-02-27;3.4;Y
2002-02-28 00:00:01;2002-03-01 00:00:00;2002-02-28;3.2;Y
2002-03-01 00:00:01;2002-03-02 00:00:00;2002-03-01;0.1;Y
2002-03-02 00:00:01;2002-03-03 00:00:00;2002-03-02;1.2;Y
2002-03-03 00:00:01;2002-03-04 00:00:00;2002-03-03;-0.8;Y
2002-03-04 00:00:01;2002-03-05 00:00:00;2002-03-04;4.8;Y
2002-03-05 00:00:01;2002-03-06 00:00:00;2002-03-05;4.4;Y
2002-03-06 00:00:01;2002-03-07 00:00:00;2002-03-06;4.9;Y
2002-03-07 00:00:01;2002-03-08 00:00:00;2002-03-07;5.4;Y
2002-03-08 00:00:01;2002-03-09 00:00:00;2002-03-08;4.2;Y
2002-03-09 00:00:01;2002-03-10 00:00:00;2002-03-09;5.2;Y
2002-03-10 00:00:01;2002-03-11 00:00:00;2002-03-10;4.4;Y
2002-03-11 00:00:01;2002-03-12 00:00:00;2002-03-11;5.1;Y
2002-03-12 00:00:01;2002-03-13 00:00:00;2002-03-12;5.1;Y
2002-03-13 00:00:01;2002-03-14 00:00:00;2002-03-13;3.9;Y
2002-03-14 00:00:01;2002-03-15 00:00:00;2002-03-14;2.4;Y
2002-03-15 00:00:01;2002-03-16 00:00:00;2002-03-15;2.0;Y
2002-03-16 00:00:01;2002-03-17 00:00:00;2002-03-16;1.7;Y
2002-03-17 00:00:01;2002-03-18 00:00:00;2002-03-17;3.8;Y
2002-03-18 00:00:01;2002-03-19 00:00:00;2002-03-18;6.4;Y
2002-03-19 00:00:01;2002-03-20 00:00:00;2002-03-19;6.6;Y
2002-03-20 00:00:01;2002-03-21 00:00:00;2002-03-20;5.4;Y
2002-03-21 00:00:01;2002-03-22 00:00:00;2002-03-21;3.8;Y
2002-03-22 00:00:01;2002-03-23 00:00:00;2002-03-22;4.2;Y
2002-03-23 00:00:01;2002-03-24 00:00:00;2002-03-23;4.3;Y
2002-03-24 00:00:01;2002-03-25 00:00:00;2002-03-24;1.0;Y
2002-03-25 00:00:01;2002-03-26 00:00:00;2002-03-25;-0.2;Y
2002-03-26 00:00:01;2002-03-27 00:00:00;2002-03-26;1.4;Y
2002-03-27 00:00:01;2002-03-28 00:00:00;2002-03-27;3.7;Y
2002-03-28 00:00:01;2002-03-29 00:00:00;2002-03-28;3.9;Y
2002-03-29 00:00:01;2002-03-30 00:00:00;2002-03-29;4.6;Y
2002-03-30 00:00:01;2002-03-31 00:00:00;2002-03-30;5.0;Y
2002-03-31 00:00:01;2002-04-01 00:00:00;2002-03-31;3.9;Y
2002-04-01 00:00:01;2002-04-02 00:00:00;2002-04-01;8.7;Y
2002-04-02 00:00:01;2002-04-03 00:00:00;2002-04-02;10.6;Y
2002-04-03 00:00:01;2002-04-04 00:00:00;2002-04-03;8.1;Y
2002-04-04 00:00:01;2002-04-05 00:00:00;2002-04-04;4.9;Y
2002-04-05 00:00:01;2002-04-06 00:00:00;2002-04-05;5.8;Y
2002-04-06 00:00:01;2002-04-07 00:00:00;2002-04-06;3.7;Y
2002-04-07 00:00:01;2002-04-08 00:00:00;2002-04-07;4.8;Y
2002-04-08 00:00:01;2002-04-09 00:00:00;2002-04-08;4.3;Y
2002-04-09 00:00:01;2002-04-10 00:00:00;2002-04-09;4.7;Y
2002-04-10 00:00:01;2002-04-11 00:00:00;2002-04-10;6.4;Y
2002-04-11 00:00:01;2002-04-12 00:00:00;2002-04-11;7.1;Y
2002-04-12 00:00:01;2002-04-13 00:00:00;2002-04-12;9.2;Y
2002-04-13 00:00:01;2002-04-14 00:00:00;2002-04-13;10.4;Y
2002-04-14 00:00:01;2002-04-15 00:00:00;2002-04-14;9.8;Y
2002-04-15 00:00:01;2002-04-16 00:00:00;2002-04-15;7.7;Y
2002-04-16 00:00:01;2002-04-17 00:00:00;2002-04-16;6.2;Y
2002-04-17 00:00:01;2002-04-18 00:00:00;2002-04-17;5.2;Y
2002-04-18 00:00:01;2002-04-19 00:00:00;2002-04-18;6.4;Y
2002-04-19 00:00:01;2002-04-20 00:00:00;2002-04-19;8.0;Y
2002-04-20 00:00:01;2002-04-21 00:00:00;2002-04-20;8.3;Y
2002-04-21 00:00:01;2002-04-22 00:00:00;2002-04-21;7.4;Y
2002-04-22 00:00:01;2002-04-23 00:00:00;2002-04-22;9.8;Y
2002-04-23 00:00:01;2002-04-24 00:00:00;2002-04-23;10.5;Y
2002-04-24 00:00:01;2002-04-25 00:00:00;2002-04-24;9.4;Y
2002-04-25 00:00:01;2002-04-26 00:00:00;2002-04-25;10.0;Y
2002-04-26 00:00:01;2002-04-27 00:00:00;2002-04-26;8.6;Y
2002-04-27 00:00:01;2002-04-28 00:00:00;2002-04-27;7.5;Y
2002-04-28 00:00:01;2002-04-29 00:00:00;2002-04-28;7.5;Y
2002-04-29 00:00:01;2002-04-30 00:00:00;2002-04-29;9.3;Y
2002-04-30 00:00:01;2002-05-01 00:00:00;2002-04-30;9.1;Y
2002-05-01 00:00:01;2002-05-02 00:00:00;2002-05-01;11.0;Y
2002-05-02 00:00:01;2002-05-03 00:00:00;2002-05-02;10.5;Y
2002-05-03 00:00:01;2002-05-04 00:00:00;2002-05-03;11.2;Y
2002-05-04 00:00:01;2002-05-05 00:00:00;2002-05-04;10.8;Y
2002-05-05 00:00:01;2002-05-06 00:00:00;2002-05-05;11.4;Y
2002-05-06 00:00:01;2002-05-07 00:00:00;2002-05-06;14.0;Y
2002-05-07 00:00:01;2002-05-08 00:00:00;2002-05-07;13.7;Y
2002-05-08 00:00:01;2002-05-09 00:00:00;2002-05-08;14.8;Y
2002-05-09 00:00:01;2002-05-10 00:00:00;2002-05-09;18.0;Y
2002-05-10 00:00:01;2002-05-11 00:00:00;2002-05-10;15.0;Y
2002-05-11 00:00:01;2002-05-12 00:00:00;2002-05-11;17.7;Y
2002-05-12 00:00:01;2002-05-13 00:00:00;2002-05-12;15.4;Y
2002-05-13 00:00:01;2002-05-14 00:00:00;2002-05-13;11.8;Y
2002-05-14 00:00:01;2002-05-15 00:00:00;2002-05-14;12.8;Y
2002-05-15 00:00:01;2002-05-16 00:00:00;2002-05-15;13.2;Y
2002-05-16 00:00:01;2002-05-17 00:00:00;2002-05-16;12.8;Y
2002-05-17 00:00:01;2002-05-18 00:00:00;2002-05-17;13.4;Y
2002-05-18 00:00:01;2002-05-19 00:00:00;2002-05-18;12.8;Y
2002-05-19 00:00:01;2002-05-20 00:00:00;2002-05-19;11.7;Y
2002-05-20 00:00:01;2002-05-21 00:00:00;2002-05-20;12.9;Y
2002-05-21 00:00:01;2002-05-22 00:00:00;2002-05-21;14.8;Y
2002-05-22 00:00:01;2002-05-23 00:00:00;2002-05-22;18.4;Y
2002-05-23 00:00:01;2002-05-24 00:00:00;2002-05-23;17.5;Y
2002-05-24 00:00:01;2002-05-25 00:00:00;2002-05-24;13.4;Y
2002-05-25 00:00:01;2002-05-26 00:00:00;2002-05-25;14.1;Y
2002-05-26 00:00:01;2002-05-27 00:00:00;2002-05-26;14.5;Y
2002-05-27 00:00:01;2002-05-28 00:00:00;2002-05-27;14.3;Y
2002-05-28 00:00:01;2002-05-29 00:00:00;2002-05-28;13.8;Y
2002-05-29 00:00:01;2002-05-30 00:00:00;2002-05-29;12.3;Y
2002-05-30 00:00:01;2002-05-31 00:00:00;2002-05-30;14.4;Y
2002-05-31 00:00:01;2002-06-01 00:00:00;2002-05-31;13.0;Y
2002-06-01 00:00:01;2002-06-02 00:00:00;2002-06-01;14.0;Y
2002-06-02 00:00:01;2002-06-03 00:00:00;2002-06-02;14.3;Y
2002-06-03 00:00:01;2002-06-04 00:00:00;2002-06-03;17.6;Y
2002-06-04 00:00:01;2002-06-05 00:00:00;2002-06-04;18.7;Y
2002-06-05 00:00:01;2002-06-06 00:00:00;2002-06-05;20.6;Y
2002-06-06 00:00:01;2002-06-07 00:00:00;2002-06-06;18.9;Y
2002-06-07 00:00:01;2002-06-08 00:00:00;2002-06-07;19.4;Y
2002-06-08 00:00:01;2002-06-09 00:00:00;2002-06-08;18.9;Y
2002-06-09 00:00:01;2002-06-10 00:00:00;2002-06-09;18.3;Y
2002-06-10 00:00:01;2002-06-11 00:00:00;2002-06-10;18.7;Y
2002-06-11 00:00:01;2002-06-12 00:00:00;2002-06-11;15.5;Y
2002-06-12 00:00:01;2002-06-13 00:00:00;2002-06-12;14.8;Y
2002-06-13 00:00:01;2002-06-14 00:00:00;2002-06-13;13.7;Y
2002-06-14 00:00:01;2002-06-15 00:00:00;2002-06-14;15.9;Y
2002-06-15 00:00:01;2002-06-16 00:00:00;2002-06-15;15.3;Y
2002-06-16 00:00:01;2002-06-17 00:00:00;2002-06-16;17.0;Y
2002-06-17 00:00:01;2002-06-18 00:00:00;2002-06-17;17.5;Y
2002-06-18 00:00:01;2002-06-19 00:00:00;2002-06-18;21.7;Y
2002-06-19 00:00:01;2002-06-20 00:00:00;2002-06-19;18.5;Y
2002-06-20 00:00:01;2002-06-21 00:00:00;2002-06-20;15.2;Y
2002-06-21 00:00:01;2002-06-22 00:00:00;2002-06-21;15.9;Y
2002-06-22 00:00:01;2002-06-23 00:00:00;2002-06-22;16.7;Y
2002-06-23 00:00:01;2002-06-24 00:00:00;2002-06-23;15.8;Y
2002-06-24 00:00:01;2002-06-25 00:00:00;2002-06-24;16.5;Y
2002-06-25 00:00:01;2002-06-26 00:00:00;2002-06-25;16.3;Y
2002-06-26 00:00:01;2002-06-27 00:00:00;2002-06-26;15.5;Y
2002-06-27 00:00:01;2002-06-28 00:00:00;2002-06-27;14.3;Y
2002-06-28 00:00:01;2002-06-29 00:00:00;2002-06-28;13.0;Y
2002-06-29 00:00:01;2002-06-30 00:00:00;2002-06-29;15.7;Y
2002-06-30 00:00:01;2002-07-01 00:00:00;2002-06-30;14.4;Y
2002-07-01 00:00:01;2002-07-02 00:00:00;2002-07-01;14.2;Y
2002-07-02 00:00:01;2002-07-03 00:00:00;2002-07-02;15.6;Y
2002-07-03 00:00:01;2002-07-04 00:00:00;2002-07-03;14.9;Y
2002-07-04 00:00:01;2002-07-05 00:00:00;2002-07-04;16.6;Y
2002-07-05 00:00:01;2002-07-06 00:00:00;2002-07-05;16.1;Y
2002-07-06 00:00:01;2002-07-07 00:00:00;2002-07-06;14.6;Y
2002-07-07 00:00:01;2002-07-08 00:00:00;2002-07-07;16.5;Y
2002-07-08 00:00:01;2002-07-09 00:00:00;2002-07-08;17.9;Y
2002-07-09 00:00:01;2002-07-10 00:00:00;2002-07-09;22.0;Y
2002-07-10 00:00:01;2002-07-11 00:00:00;2002-07-10;23.7;Y
2002-07-11 00:00:01;2002-07-12 00:00:00;2002-07-11;19.1;Y
2002-07-12 00:00:01;2002-07-13 00:00:00;2002-07-12;18.1;Y
2002-07-13 00:00:01;2002-07-14 00:00:00;2002-07-13;18.3;Y
2002-07-14 00:00:01;2002-07-15 00:00:00;2002-07-14;19.0;Y
2002-07-15 00:00:01;2002-07-16 00:00:00;2002-07-15;20.8;Y
2002-07-16 00:00:01;2002-07-17 00:00:00;2002-07-16;20.8;Y
2002-07-17 00:00:01;2002-07-18 00:00:00;2002-07-17;20.1;Y
2002-07-18 00:00:01;2002-07-19 00:00:00;2002-07-18;20.2;Y
2002-07-19 00:00:01;2002-07-20 00:00:00;2002-07-19;20.9;Y
2002-07-20 00:00:01;2002-07-21 00:00:00;2002-07-20;20.8;Y
2002-07-21 00:00:01;2002-07-22 00:00:00;2002-07-21;18.9;Y
2002-07-22 00:00:01;2002-07-23 00:00:00;2002-07-22;17.0;Y
2002-07-23 00:00:01;2002-07-24 00:00:00;2002-07-23;16.4;Y
2002-07-24 00:00:01;2002-07-25 00:00:00;2002-07-24;15.7;Y
2002-07-25 00:00:01;2002-07-26 00:00:00;2002-07-25;17.4;Y
2002-07-26 00:00:01;2002-07-27 00:00:00;2002-07-26;16.3;Y
2002-07-27 00:00:01;2002-07-28 00:00:00;2002-07-27;17.6;Y
2002-07-28 00:00:01;2002-07-29 00:00:00;2002-07-28;19.7;Y
2002-07-29 00:00:01;2002-07-30 00:00:00;2002-07-29;22.9;Y
2002-07-30 00:00:01;2002-07-31 00:00:00;2002-07-30;23.3;Y
2002-07-31 00:00:01;2002-08-01 00:00:00;2002-07-31;23.6;Y
2002-08-01 00:00:01;2002-08-02 00:00:00;2002-08-01;24.6;Y
2002-08-02 00:00:01;2002-08-03 00:00:00;2002-08-02;23.4;Y
2002-08-03 00:00:01;2002-08-04 00:00:00;2002-08-03;19.7;Y
2002-08-04 00:00:01;2002-08-05 00:00:00;2002-08-04;19.9;Y
2002-08-05 00:00:01;2002-08-06 00:00:00;2002-08-05;21.9;Y
2002-08-06 00:00:01;2002-08-07 00:00:00;2002-08-06;19.9;Y
2002-08-07 00:00:01;2002-08-08 00:00:00;2002-08-07;19.0;Y
2002-08-08 00:00:01;2002-08-09 00:00:00;2002-08-08;19.7;Y
2002-08-09 00:00:01;2002-08-10 00:00:00;2002-08-09;19.5;Y
2002-08-10 00:00:01;2002-08-11 00:00:00;2002-08-10;22.0;Y
2002-08-11 00:00:01;2002-08-12 00:00:00;2002-08-11;21.0;Y
2002-08-12 00:00:01;2002-08-13 00:00:00;2002-08-12;20.2;Y
2002-08-13 00:00:01;2002-08-14 00:00:00;2002-08-13;19.8;Y
2002-08-14 00:00:01;2002-08-15 00:00:00;2002-08-14;20.0;Y
2002-08-15 00:00:01;2002-08-16 00:00:00;2002-08-15;18.6;Y
2002-08-16 00:00:01;2002-08-17 00:00:00;2002-08-16;19.7;Y
2002-08-17 00:00:01;2002-08-18 00:00:00;2002-08-17;20.7;Y
2002-08-18 00:00:01;2002-08-19 00:00:00;2002-08-18;21.7;Y
2002-08-19 00:00:01;2002-08-20 00:00:00;2002-08-19;21.8;Y
2002-08-20 00:00:01;2002-08-21 00:00:00;2002-08-20;22.6;Y
2002-08-21 00:00:01;2002-08-22 00:00:00;2002-08-21;21.0;Y
2002-08-22 00:00:01;2002-08-23 00:00:00;2002-08-22;19.8;Y
2002-08-23 00:00:01;2002-08-24 00:00:00;2002-08-23;20.9;Y
2002-08-24 00:00:01;2002-08-25 00:00:00;2002-08-24;20.2;Y
2002-08-25 00:00:01;2002-08-26 00:00:00;2002-08-25;20.0;Y
2002-08-26 00:00:01;2002-08-27 00:00:00;2002-08-26;18.8;Y
2002-08-27 00:00:01;2002-08-28 00:00:00;2002-08-27;18.5;Y
2002-08-28 00:00:01;2002-08-29 00:00:00;2002-08-28;17.5;Y
2002-08-29 00:00:01;2002-08-30 00:00:00;2002-08-29;19.4;Y
2002-08-30 00:00:01;2002-08-31 00:00:00;2002-08-30;19.6;Y
2002-08-31 00:00:01;2002-09-01 00:00:00;2002-08-31;16.9;Y
2002-09-01 00:00:01;2002-09-02 00:00:00;2002-09-01;17.1;Y
2002-09-02 00:00:01;2002-09-03 00:00:00;2002-09-02;14.6;Y
2002-09-03 00:00:01;2002-09-04 00:00:00;2002-09-03;16.5;Y
2002-09-04 00:00:01;2002-09-05 00:00:00;2002-09-04;20.1;Y
2002-09-05 00:00:01;2002-09-06 00:00:00;2002-09-05;18.5;Y
2002-09-06 00:00:01;2002-09-07 00:00:00;2002-09-06;18.2;Y
2002-09-07 00:00:01;2002-09-08 00:00:00;2002-09-07;19.2;Y
2002-09-08 00:00:01;2002-09-09 00:00:00;2002-09-08;18.9;Y
2002-09-09 00:00:01;2002-09-10 00:00:00;2002-09-09;18.7;Y
2002-09-10 00:00:01;2002-09-11 00:00:00;2002-09-10;19.1;Y
2002-09-11 00:00:01;2002-09-12 00:00:00;2002-09-11;17.5;Y
2002-09-12 00:00:01;2002-09-13 00:00:00;2002-09-12;16.3;Y
2002-09-13 00:00:01;2002-09-14 00:00:00;2002-09-13;15.0;Y
2002-09-14 00:00:01;2002-09-15 00:00:00;2002-09-14;14.9;Y
2002-09-15 00:00:01;2002-09-16 00:00:00;2002-09-15;11.3;Y
2002-09-16 00:00:01;2002-09-17 00:00:00;2002-09-16;9.4;Y
2002-09-17 00:00:01;2002-09-18 00:00:00;2002-09-17;13.7;Y
2002-09-18 00:00:01;2002-09-19 00:00:00;2002-09-18;12.0;Y
2002-09-19 00:00:01;2002-09-20 00:00:00;2002-09-19;11.2;Y
2002-09-20 00:00:01;2002-09-21 00:00:00;2002-09-20;13.2;Y
2002-09-21 00:00:01;2002-09-22 00:00:00;2002-09-21;9.4;Y
2002-09-22 00:00:01;2002-09-23 00:00:00;2002-09-22;11.4;Y
2002-09-23 00:00:01;2002-09-24 00:00:00;2002-09-23;8.5;Y
2002-09-24 00:00:01;2002-09-25 00:00:00;2002-09-24;12.0;Y
2002-09-25 00:00:01;2002-09-26 00:00:00;2002-09-25;13.2;Y
2002-09-26 00:00:01;2002-09-27 00:00:00;2002-09-26;9.4;Y
2002-09-27 00:00:01;2002-09-28 00:00:00;2002-09-27;6.5;Y
2002-09-28 00:00:01;2002-09-29 00:00:00;2002-09-28;12.0;Y
2002-09-29 00:00:01;2002-09-30 00:00:00;2002-09-29;14.4;Y
2002-09-30 00:00:01;2002-10-01 00:00:00;2002-09-30;14.9;Y
2002-10-01 00:00:01;2002-10-02 00:00:00;2002-10-01;14.2;Y
2002-10-02 00:00:01;2002-10-03 00:00:00;2002-10-02;12.6;Y
2002-10-03 00:00:01;2002-10-04 00:00:00;2002-10-03;10.2;Y
2002-10-04 00:00:01;2002-10-05 00:00:00;2002-10-04;11.2;Y
2002-10-05 00:00:01;2002-10-06 00:00:00;2002-10-05;9.1;Y
2002-10-06 00:00:01;2002-10-07 00:00:00;2002-10-06;5.2;Y
2002-10-07 00:00:01;2002-10-08 00:00:00;2002-10-07;3.3;Y
2002-10-08 00:00:01;2002-10-09 00:00:00;2002-10-08;5.9;Y
2002-10-09 00:00:01;2002-10-10 00:00:00;2002-10-09;3.2;Y
2002-10-10 00:00:01;2002-10-11 00:00:00;2002-10-10;2.1;Y
2002-10-11 00:00:01;2002-10-12 00:00:00;2002-10-11;2.7;Y
2002-10-12 00:00:01;2002-10-13 00:00:00;2002-10-12;5.6;Y
2002-10-13 00:00:01;2002-10-14 00:00:00;2002-10-13;5.0;Y
2002-10-14 00:00:01;2002-10-15 00:00:00;2002-10-14;4.1;Y
2002-10-15 00:00:01;2002-10-16 00:00:00;2002-10-15;5.0;Y
2002-10-16 00:00:01;2002-10-17 00:00:00;2002-10-16;4.0;Y
2002-10-17 00:00:01;2002-10-18 00:00:00;2002-10-17;4.8;Y
2002-10-18 00:00:01;2002-10-19 00:00:00;2002-10-18;2.5;Y
2002-10-19 00:00:01;2002-10-20 00:00:00;2002-10-19;-0.9;Y
2002-10-20 00:00:01;2002-10-21 00:00:00;2002-10-20;-0.5;Y
2002-10-21 00:00:01;2002-10-22 00:00:00;2002-10-21;0.2;Y
2002-10-22 00:00:01;2002-10-23 00:00:00;2002-10-22;4.2;Y
2002-10-23 00:00:01;2002-10-24 00:00:00;2002-10-23;8.4;Y
2002-10-24 00:00:01;2002-10-25 00:00:00;2002-10-24;6.5;Y
2002-10-25 00:00:01;2002-10-26 00:00:00;2002-10-25;7.6;Y
2002-10-26 00:00:01;2002-10-27 00:00:00;2002-10-26;8.3;Y
2002-10-27 00:00:01;2002-10-28 00:00:00;2002-10-27;8.1;Y
2002-10-28 00:00:01;2002-10-29 00:00:00;2002-10-28;7.2;Y
2002-10-29 00:00:01;2002-10-30 00:00:00;2002-10-29;7.7;Y
2002-10-30 00:00:01;2002-10-31 00:00:00;2002-10-30;2.9;Y
2002-10-31 00:00:01;2002-11-01 00:00:00;2002-10-31;6.4;Y
2002-11-01 00:00:01;2002-11-02 00:00:00;2002-11-01;6.1;Y
2002-11-02 00:00:01;2002-11-03 00:00:00;2002-11-02;0.2;Y
2002-11-03 00:00:01;2002-11-04 00:00:00;2002-11-03;0.2;Y
2002-11-04 00:00:01;2002-11-05 00:00:00;2002-11-04;1.2;Y
2002-11-05 00:00:01;2002-11-06 00:00:00;2002-11-05;2.8;Y
2002-11-06 00:00:01;2002-11-07 00:00:00;2002-11-06;3.0;Y
2002-11-07 00:00:01;2002-11-08 00:00:00;2002-11-07;3.3;Y
2002-11-08 00:00:01;2002-11-09 00:00:00;2002-11-08;2.8;Y
2002-11-09 00:00:01;2002-11-10 00:00:00;2002-11-09;3.8;Y
2002-11-10 00:00:01;2002-11-11 00:00:00;2002-11-10;-0.5;Y
2002-11-11 00:00:01;2002-11-12 00:00:00;2002-11-11;-2.8;Y
2002-11-12 00:00:01;2002-11-13 00:00:00;2002-11-12;3.0;Y
2002-11-13 00:00:01;2002-11-14 00:00:00;2002-11-13;6.9;Y
2002-11-14 00:00:01;2002-11-15 00:00:00;2002-11-14;7.4;Y
2002-11-15 00:00:01;2002-11-16 00:00:00;2002-11-15;7.7;Y
2002-11-16 00:00:01;2002-11-17 00:00:00;2002-11-16;6.8;Y
2002-11-17 00:00:01;2002-11-18 00:00:00;2002-11-17;4.8;Y
2002-11-18 00:00:01;2002-11-19 00:00:00;2002-11-18;4.9;Y
2002-11-19 00:00:01;2002-11-20 00:00:00;2002-11-19;-1.1;Y
2002-11-20 00:00:01;2002-11-21 00:00:00;2002-11-20;-1.3;Y
2002-11-21 00:00:01;2002-11-22 00:00:00;2002-11-21;-0.8;Y
2002-11-22 00:00:01;2002-11-23 00:00:00;2002-11-22;2.5;Y
2002-11-23 00:00:01;2002-11-24 00:00:00;2002-11-23;3.1;Y
2002-11-24 00:00:01;2002-11-25 00:00:00;2002-11-24;3.6;Y
2002-11-25 00:00:01;2002-11-26 00:00:00;2002-11-25;6.1;Y
2002-11-26 00:00:01;2002-11-27 00:00:00;2002-11-26;5.7;Y
2002-11-27 00:00:01;2002-11-28 00:00:00;2002-11-27;2.8;Y
2002-11-28 00:00:01;2002-11-29 00:00:00;2002-11-28;2.5;Y
2002-11-29 00:00:01;2002-11-30 00:00:00;2002-11-29;3.6;Y
2002-11-30 00:00:01;2002-12-01 00:00:00;2002-11-30;1.4;Y
2002-12-01 00:00:01;2002-12-02 00:00:00;2002-12-01;0.2;Y
2002-12-02 00:00:01;2002-12-03 00:00:00;2002-12-02;2.7;Y
2002-12-03 00:00:01;2002-12-04 00:00:00;2002-12-03;3.8;Y
2002-12-04 00:00:01;2002-12-05 00:00:00;2002-12-04;2.3;Y
2002-12-05 00:00:01;2002-12-06 00:00:00;2002-12-05;0.7;Y
2002-12-06 00:00:01;2002-12-07 00:00:00;2002-12-06;-0.8;Y
2002-12-07 00:00:01;2002-12-08 00:00:00;2002-12-07;-1.8;Y
2002-12-08 00:00:01;2002-12-09 00:00:00;2002-12-08;-1.5;Y
2002-12-09 00:00:01;2002-12-10 00:00:00;2002-12-09;-3.1;Y
2002-12-10 00:00:01;2002-12-11 00:00:00;2002-12-10;-6.0;Y
2002-12-11 00:00:01;2002-12-12 00:00:00;2002-12-11;-3.5;Y
2002-12-12 00:00:01;2002-12-13 00:00:00;2002-12-12;-4.3;Y
2002-12-13 00:00:01;2002-12-14 00:00:00;2002-12-13;-3.9;Y
2002-12-14 00:00:01;2002-12-15 00:00:00;2002-12-14;0.2;Y
2002-12-15 00:00:01;2002-12-16 00:00:00;2002-12-15;0.2;Y
2002-12-16 00:00:01;2002-12-17 00:00:00;2002-12-16;-1.6;Y
2002-12-17 00:00:01;2002-12-18 00:00:00;2002-12-17;-3.1;Y
2002-12-18 00:00:01;2002-12-19 00:00:00;2002-12-18;-1.3;Y
2002-12-19 00:00:01;2002-12-20 00:00:00;2002-12-19;-3.2;Y
2002-12-20 00:00:01;2002-12-21 00:00:00;2002-12-20;3.1;Y
2003-01-01 00:00:01;2003-01-02 00:00:00;2003-01-01;-5.6;Y
2003-01-02 00:00:01;2003-01-03 00:00:00;2003-01-02;-4.5;Y
2003-01-03 00:00:01;2003-01-04 00:00:00;2003-01-03;-6.1;Y
2003-01-04 00:00:01;2003-01-05 00:00:00;2003-01-04;-12.9;Y
2003-01-05 00:00:01;2003-01-06 00:00:00;2003-01-05;-9.0;Y
2003-01-06 00:00:01;2003-01-07 00:00:00;2003-01-06;-13.7;Y
2003-01-07 00:00:01;2003-01-08 00:00:00;2003-01-07;-6.3;Y
2003-01-08 00:00:01;2003-01-09 00:00:00;2003-01-08;-8.0;Y
2003-01-09 00:00:01;2003-01-10 00:00:00;2003-01-09;-2.8;Y
2003-01-10 00:00:01;2003-01-11 00:00:00;2003-01-10;-6.2;Y
2003-01-11 00:00:01;2003-01-12 00:00:00;2003-01-11;-4.5;Y
2003-01-12 00:00:01;2003-01-13 00:00:00;2003-01-12;1.7;Y
2003-01-13 00:00:01;2003-01-14 00:00:00;2003-01-13;0.2;Y
2003-01-14 00:00:01;2003-01-15 00:00:00;2003-01-14;2.0;Y
2003-01-15 00:00:01;2003-01-16 00:00:00;2003-01-15;2.6;Y
2003-01-16 00:00:01;2003-01-17 00:00:00;2003-01-16;3.4;Y
2003-01-17 00:00:01;2003-01-18 00:00:00;2003-01-17;2.7;Y
2003-01-18 00:00:01;2003-01-19 00:00:00;2003-01-18;2.3;Y
2003-01-19 00:00:01;2003-01-20 00:00:00;2003-01-19;1.7;Y
2003-01-20 00:00:01;2003-01-21 00:00:00;2003-01-20;2.7;Y
2003-01-21 00:00:01;2003-01-22 00:00:00;2003-01-21;2.7;Y
2003-01-22 00:00:01;2003-01-23 00:00:00;2003-01-22;2.3;Y
2003-01-23 00:00:01;2003-01-24 00:00:00;2003-01-23;2.3;Y
2003-01-24 00:00:01;2003-01-25 00:00:00;2003-01-24;0.3;Y
2003-01-25 00:00:01;2003-01-26 00:00:00;2003-01-25;2.2;Y
2003-01-26 00:00:01;2003-01-27 00:00:00;2003-01-26;3.2;Y
2003-01-27 00:00:01;2003-01-28 00:00:00;2003-01-27;4.3;Y
2003-01-28 00:00:01;2003-01-29 00:00:00;2003-01-28;3.4;Y
2003-01-29 00:00:01;2003-01-30 00:00:00;2003-01-29;0.1;Y
2003-01-30 00:00:01;2003-01-31 00:00:00;2003-01-30;-6.1;Y
2003-01-31 00:00:01;2003-02-01 00:00:00;2003-01-31;-9.7;Y
2003-02-01 00:00:01;2003-02-02 00:00:00;2003-02-01;-3.8;Y
2003-02-02 00:00:01;2003-02-03 00:00:00;2003-02-02;-1.5;Y
2003-02-03 00:00:01;2003-02-04 00:00:00;2003-02-03;0.9;Y
2003-02-04 00:00:01;2003-02-05 00:00:00;2003-02-04;0.7;Y
2003-02-05 00:00:01;2003-02-06 00:00:00;2003-02-05;-3.5;Y
2003-02-06 00:00:01;2003-02-07 00:00:00;2003-02-06;-8.6;Y
2003-02-07 00:00:01;2003-02-08 00:00:00;2003-02-07;-2.6;Y
2003-02-08 00:00:01;2003-02-09 00:00:00;2003-02-08;0.8;Y
2003-02-09 00:00:01;2003-02-10 00:00:00;2003-02-09;-1.7;Y
2003-02-10 00:00:01;2003-02-11 00:00:00;2003-02-10;-1.8;Y
2003-02-11 00:00:01;2003-02-12 00:00:00;2003-02-11;-1.7;Y
2003-02-12 00:00:01;2003-02-13 00:00:00;2003-02-12;-2.9;Y
2003-02-13 00:00:01;2003-02-14 00:00:00;2003-02-13;-3.6;Y
2003-02-14 00:00:01;2003-02-15 00:00:00;2003-02-14;-2.2;Y
2003-02-15 00:00:01;2003-02-16 00:00:00;2003-02-15;-3.1;Y
2003-02-16 00:00:01;2003-02-17 00:00:00;2003-02-16;-6.5;Y
2003-02-17 00:00:01;2003-02-18 00:00:00;2003-02-17;-2.3;Y
2003-02-18 00:00:01;2003-02-19 00:00:00;2003-02-18;-4.4;Y
2003-02-19 00:00:01;2003-02-20 00:00:00;2003-02-19;-2.7;Y
2003-02-20 00:00:01;2003-02-21 00:00:00;2003-02-20;-2.3;Y
2003-02-21 00:00:01;2003-02-22 00:00:00;2003-02-21;-3.0;Y
2003-02-22 00:00:01;2003-02-23 00:00:00;2003-02-22;0.5;Y
2003-02-23 00:00:01;2003-02-24 00:00:00;2003-02-23;-1.9;Y
2003-02-24 00:00:01;2003-02-25 00:00:00;2003-02-24;-3.1;Y
2003-02-25 00:00:01;2003-02-26 00:00:00;2003-02-25;-3.0;Y
2003-02-26 00:00:01;2003-02-27 00:00:00;2003-02-26;-0.2;Y
2003-02-27 00:00:01;2003-02-28 00:00:00;2003-02-27;-4.1;Y
2003-02-28 00:00:01;2003-03-01 00:00:00;2003-02-28;-3.8;Y
2003-03-01 00:00:01;2003-03-02 00:00:00;2003-03-01;-3.9;Y
2003-03-02 00:00:01;2003-03-03 00:00:00;2003-03-02;-2.6;Y
2003-03-03 00:00:01;2003-03-04 00:00:00;2003-03-03;-2.2;Y
2003-03-04 00:00:01;2003-03-05 00:00:00;2003-03-04;-1.7;Y
2003-03-05 00:00:01;2003-03-06 00:00:00;2003-03-05;-0.4;Y
2003-03-06 00:00:01;2003-03-07 00:00:00;2003-03-06;0.7;Y
2003-03-07 00:00:01;2003-03-08 00:00:00;2003-03-07;0.7;Y
2003-03-08 00:00:01;2003-03-09 00:00:00;2003-03-08;1.8;Y
2003-03-09 00:00:01;2003-03-10 00:00:00;2003-03-09;1.9;Y
2003-03-10 00:00:01;2003-03-11 00:00:00;2003-03-10;2.9;Y
2003-03-11 00:00:01;2003-03-12 00:00:00;2003-03-11;2.9;Y
2003-03-12 00:00:01;2003-03-13 00:00:00;2003-03-12;3.9;Y
2003-03-13 00:00:01;2003-03-14 00:00:00;2003-03-13;1.8;Y
2003-03-14 00:00:01;2003-03-15 00:00:00;2003-03-14;2.3;Y
2003-03-15 00:00:01;2003-03-16 00:00:00;2003-03-15;2.6;Y
2003-03-16 00:00:01;2003-03-17 00:00:00;2003-03-16;0.6;Y
2003-03-17 00:00:01;2003-03-18 00:00:00;2003-03-17;3.2;Y
2003-03-18 00:00:01;2003-03-19 00:00:00;2003-03-18;0.9;Y
2003-03-19 00:00:01;2003-03-20 00:00:00;2003-03-19;0.4;Y
2003-03-20 00:00:01;2003-03-21 00:00:00;2003-03-20;1.4;Y
2003-03-21 00:00:01;2003-03-22 00:00:00;2003-03-21;1.2;Y
2003-03-22 00:00:01;2003-03-23 00:00:00;2003-03-22;2.3;Y
2003-03-23 00:00:01;2003-03-24 00:00:00;2003-03-23;2.3;Y
2003-03-24 00:00:01;2003-03-25 00:00:00;2003-03-24;1.2;Y
2003-03-25 00:00:01;2003-03-26 00:00:00;2003-03-25;1.0;Y
2003-03-26 00:00:01;2003-03-27 00:00:00;2003-03-26;2.0;Y
2003-03-27 00:00:01;2003-03-28 00:00:00;2003-03-27;2.5;Y
2003-03-28 00:00:01;2003-03-29 00:00:00;2003-03-28;2.4;Y
2003-03-29 00:00:01;2003-03-30 00:00:00;2003-03-29;4.0;Y
2003-03-30 00:00:01;2003-03-31 00:00:00;2003-03-30;4.5;Y
2003-03-31 00:00:01;2003-04-01 00:00:00;2003-03-31;4.4;Y
2003-04-01 00:00:01;2003-04-02 00:00:00;2003-04-01;4.0;Y
2003-04-02 00:00:01;2003-04-03 00:00:00;2003-04-02;4.2;Y
2003-04-03 00:00:01;2003-04-04 00:00:00;2003-04-03;4.6;Y
2003-04-04 00:00:01;2003-04-05 00:00:00;2003-04-04;3.5;Y
2003-04-05 00:00:01;2003-04-06 00:00:00;2003-04-05;3.4;Y
2003-04-06 00:00:01;2003-04-07 00:00:00;2003-04-06;1.3;Y
2003-04-07 00:00:01;2003-04-08 00:00:00;2003-04-07;0.6;Y
2003-04-08 00:00:01;2003-04-09 00:00:00;2003-04-08;0.3;Y
2003-04-09 00:00:01;2003-04-10 00:00:00;2003-04-09;0.9;Y
2003-04-10 00:00:01;2003-04-11 00:00:00;2003-04-10;1.4;Y
2003-04-11 00:00:01;2003-04-12 00:00:00;2003-04-11;2.9;Y
2003-04-12 00:00:01;2003-04-13 00:00:00;2003-04-12;3.9;Y
2003-04-13 00:00:01;2003-04-14 00:00:00;2003-04-13;4.9;Y
2003-04-14 00:00:01;2003-04-15 00:00:00;2003-04-14;7.5;Y
2003-04-15 00:00:01;2003-04-16 00:00:00;2003-04-15;8.4;Y
2003-04-16 00:00:01;2003-04-17 00:00:00;2003-04-16;9.1;Y
2003-04-17 00:00:01;2003-04-18 00:00:00;2003-04-17;10.8;Y
2003-04-18 00:00:01;2003-04-19 00:00:00;2003-04-18;7.5;Y
2003-04-19 00:00:01;2003-04-20 00:00:00;2003-04-19;10.3;Y
2003-04-20 00:00:01;2003-04-21 00:00:00;2003-04-20;11.2;Y
2003-04-21 00:00:01;2003-04-22 00:00:00;2003-04-21;12.6;Y
2003-04-22 00:00:01;2003-04-23 00:00:00;2003-04-22;9.1;Y
2003-04-23 00:00:01;2003-04-24 00:00:00;2003-04-23;11.7;Y
2003-04-24 00:00:01;2003-04-25 00:00:00;2003-04-24;10.6;Y
2003-04-25 00:00:01;2003-04-26 00:00:00;2003-04-25;7.6;Y
2003-04-26 00:00:01;2003-04-27 00:00:00;2003-04-26;6.5;Y
2003-04-27 00:00:01;2003-04-28 00:00:00;2003-04-27;6.1;Y
2003-04-28 00:00:01;2003-04-29 00:00:00;2003-04-28;8.8;Y
2003-04-29 00:00:01;2003-04-30 00:00:00;2003-04-29;10.3;Y
2003-04-30 00:00:01;2003-05-01 00:00:00;2003-04-30;11.5;Y
2003-05-01 00:00:01;2003-05-02 00:00:00;2003-05-01;9.7;Y
2003-05-02 00:00:01;2003-05-03 00:00:00;2003-05-02;10.0;Y
2003-05-03 00:00:01;2003-05-04 00:00:00;2003-05-03;10.0;Y
2003-05-04 00:00:01;2003-05-05 00:00:00;2003-05-04;9.7;Y
2003-05-05 00:00:01;2003-05-06 00:00:00;2003-05-05;14.9;Y
2003-05-06 00:00:01;2003-05-07 00:00:00;2003-05-06;11.9;Y
2003-05-07 00:00:01;2003-05-08 00:00:00;2003-05-07;10.2;Y
2003-05-08 00:00:01;2003-05-09 00:00:00;2003-05-08;10.8;Y
2003-05-09 00:00:01;2003-05-10 00:00:00;2003-05-09;10.6;Y
2003-05-10 00:00:01;2003-05-11 00:00:00;2003-05-10;9.4;Y
2003-05-11 00:00:01;2003-05-12 00:00:00;2003-05-11;11.2;Y
2003-05-12 00:00:01;2003-05-13 00:00:00;2003-05-12;12.1;Y
2003-05-13 00:00:01;2003-05-14 00:00:00;2003-05-13;9.0;Y
2003-05-14 00:00:01;2003-05-15 00:00:00;2003-05-14;9.2;Y
2003-05-15 00:00:01;2003-05-16 00:00:00;2003-05-15;8.7;Y
2003-05-16 00:00:01;2003-05-17 00:00:00;2003-05-16;9.1;Y
2003-05-17 00:00:01;2003-05-18 00:00:00;2003-05-17;10.1;Y
2003-05-18 00:00:01;2003-05-19 00:00:00;2003-05-18;13.0;Y
2003-05-19 00:00:01;2003-05-20 00:00:00;2003-05-19;11.9;Y
2003-05-20 00:00:01;2003-05-21 00:00:00;2003-05-20;10.7;Y
2003-05-21 00:00:01;2003-05-22 00:00:00;2003-05-21;11.4;Y
2003-05-22 00:00:01;2003-05-23 00:00:00;2003-05-22;11.3;Y
2003-05-23 00:00:01;2003-05-24 00:00:00;2003-05-23;11.1;Y
2003-05-24 00:00:01;2003-05-25 00:00:00;2003-05-24;13.5;Y
2003-05-25 00:00:01;2003-05-26 00:00:00;2003-05-25;18.3;Y
2003-05-26 00:00:01;2003-05-27 00:00:00;2003-05-26;15.2;Y
2003-05-27 00:00:01;2003-05-28 00:00:00;2003-05-27;11.8;Y
2003-05-28 00:00:01;2003-05-29 00:00:00;2003-05-28;13.2;Y
2003-05-29 00:00:01;2003-05-30 00:00:00;2003-05-29;14.5;Y
2003-05-30 00:00:01;2003-05-31 00:00:00;2003-05-30;16.1;Y
2003-05-31 00:00:01;2003-06-01 00:00:00;2003-05-31;14.5;Y
2003-06-01 00:00:01;2003-06-02 00:00:00;2003-06-01;15.3;Y
2003-06-02 00:00:01;2003-06-03 00:00:00;2003-06-02;16.7;Y
2003-06-03 00:00:01;2003-06-04 00:00:00;2003-06-03;18.4;Y
2003-06-04 00:00:01;2003-06-05 00:00:00;2003-06-04;19.6;Y
2003-06-05 00:00:01;2003-06-06 00:00:00;2003-06-05;18.2;Y
2003-06-06 00:00:01;2003-06-07 00:00:00;2003-06-06;16.6;Y
2003-06-07 00:00:01;2003-06-08 00:00:00;2003-06-07;16.0;Y
2003-06-08 00:00:01;2003-06-09 00:00:00;2003-06-08;17.0;Y
2003-06-09 00:00:01;2003-06-10 00:00:00;2003-06-09;16.7;Y
2003-06-10 00:00:01;2003-06-11 00:00:00;2003-06-10;15.5;Y
2003-06-11 00:00:01;2003-06-12 00:00:00;2003-06-11;16.7;Y
2003-06-12 00:00:01;2003-06-13 00:00:00;2003-06-12;15.5;Y
2003-06-13 00:00:01;2003-06-14 00:00:00;2003-06-13;15.8;Y
2003-06-14 00:00:01;2003-06-15 00:00:00;2003-06-14;15.6;Y
2003-06-15 00:00:01;2003-06-16 00:00:00;2003-06-15;13.8;Y
2003-06-16 00:00:01;2003-06-17 00:00:00;2003-06-16;15.2;Y
2003-06-17 00:00:01;2003-06-18 00:00:00;2003-06-17;14.9;Y
2003-06-18 00:00:01;2003-06-19 00:00:00;2003-06-18;16.0;Y
2003-06-19 00:00:01;2003-06-20 00:00:00;2003-06-19;16.1;Y
2003-06-20 00:00:01;2003-06-21 00:00:00;2003-06-20;14.7;Y
2003-06-21 00:00:01;2003-06-22 00:00:00;2003-06-21;16.2;Y
2003-06-22 00:00:01;2003-06-23 00:00:00;2003-06-22;16.4;Y
2003-06-23 00:00:01;2003-06-24 00:00:00;2003-06-23;13.6;Y
2003-06-24 00:00:01;2003-06-25 00:00:00;2003-06-24;14.3;Y
2003-06-25 00:00:01;2003-06-26 00:00:00;2003-06-25;17.6;Y
2003-06-26 00:00:01;2003-06-27 00:00:00;2003-06-26;17.2;Y
2003-06-27 00:00:01;2003-06-28 00:00:00;2003-06-27;17.4;Y
2003-06-28 00:00:01;2003-06-29 00:00:00;2003-06-28;18.2;Y
2003-06-29 00:00:01;2003-06-30 00:00:00;2003-06-29;16.8;Y
2003-06-30 00:00:01;2003-07-01 00:00:00;2003-06-30;16.3;Y